{"type": "FeatureCollection", "features": [{"type": "Feature", "properties": {"h3_index": "8811aa6301fffff", "profile": "run", "rank": 1, "length_m": 4975, "good_m": 4938, "good_share": 0.993}, "geometry": {"type": "LineString", "coordinates": [[37.6621038, 55.80514620000001], [37.6616585, 55.80509199999999], [37.6612669, 55.805010599999996], [37.6602827, 55.8047184], [37.6612669, 55.805010599999996], [37.6616585, 55.80509199999999], [37.6621038, 55.80514620000001], [37.6628043, 55.804789899999996], [37.6627354, 55.804775299999996], [37.6626427, 55.80477540000001], [37.6621038, 55.80514620000001], [37.6621038, 55.80514620000001], [37.6626427, 55.80477540000001], [37.6627354, 55.804775299999996], [37.6628043, 55.804789899999996], [37.663026, 55.80463429999999], [37.6628043, 55.804789899999996], [37.6628043, 55.804789899999996], [37.663026, 55.80463429999999], [37.66310320000001, 55.8045789], [37.663026, 55.80463429999999], [37.663026, 55.80463429999999], [37.66310320000001, 55.8045789], [37.6631592, 55.8045293], [37.66310320000001, 55.8045789], [37.66310320000001, 55.8045789], [37.6631592, 55.8045293], [37.663265, 55.80457859999999], [37.6631592, 55.8045293], [37.6631592, 55.8045293], [37.663265, 55.80457859999999], [37.6634313, 55.80445629999999], [37.6633082, 55.8045469], [37.663265, 55.80457859999999], [37.663265, 55.80457859999999], [37.6633082, 55.8045469], [37.6634313, 55.80445629999999], [37.6640678, 55.8039884], [37.6634313, 55.80445629999999], [37.6634313, 55.80445629999999], [37.6640678, 55.8039884], [37.6869783, 55.8053035], [37.6844709, 55.8061833], [37.6844668, 55.806360299999994], [37.6843065, 55.80637140000001], [37.6841354, 55.80638319999999], [37.6840496, 55.8063582], [37.6827112, 55.806736499999985], [37.681755, 55.80701379999999], [37.6817509, 55.8070901], [37.6816813, 55.8071342], [37.6815305, 55.807153899999996], [37.6814277, 55.8071661], [37.6812843, 55.80710779999999], [37.6812718, 55.80705989999999], [37.6812602, 55.807018599999985], [37.6812565, 55.80700499999999], [37.6812318, 55.80693209999998], [37.6813113, 55.806908400000005], [37.6806815, 55.80531919999999], [37.6806482, 55.805315], [37.6802736, 55.8052892], [37.6798139, 55.80529260000001], [37.6793805, 55.80534099999999], [37.6788138, 55.80543], [37.6783362, 55.805360900000004], [37.677835, 55.80532219999999], [37.6768882, 55.805199899999984], [37.6762658, 55.805143199999996], [37.6756114, 55.8049924], [37.6751513, 55.804967299999994], [37.6743718, 55.8048486], [37.674171, 55.8047754], [37.6740604, 55.8046639], [37.6740032, 55.80451269999999], [37.6734263, 55.8042902], [37.6734015, 55.80426409999999], [37.6733654, 55.80423109999999], [37.6725483, 55.804124200000004], [37.6717129, 55.8040488], [37.6701336, 55.80403789999999], [37.6700252, 55.8040292], [37.6693833, 55.8041634], [37.6689366, 55.80431060000001], [37.6687311, 55.80452919999999], [37.6684538, 55.804477999999996], [37.6678888, 55.804396999999994], [37.6672974, 55.8043154], [37.6670919, 55.80428499999999], [37.6666474, 55.80423869999999], [37.6661297, 55.8042514], [37.66556, 55.8042021], [37.6652134, 55.80413949999999], [37.6646143, 55.8040699], [37.6640678, 55.8039884], [37.6640678, 55.8039884], [37.6655812, 55.80285879999999], [37.665829, 55.8026773], [37.6663329, 55.8023231], [37.6663736, 55.80229309999999], [37.6673677, 55.80156229999999], [37.6682009, 55.8009496], [37.6695782, 55.799936899999985], [37.6702869, 55.79941579999999], [37.6705374, 55.799231699999986], [37.6708436, 55.7990065], [37.6709525, 55.7989588], [37.6710092, 55.7989129], [37.6711448, 55.79881859999999], [37.671213, 55.79876879999999], [37.6713436, 55.7988041], [37.6716639, 55.7986743], [37.6721404, 55.7986308], [37.6725616, 55.798298], [37.6727917, 55.79819520000001], [37.673069600000005, 55.798040399999984], [37.6731474, 55.7980026], [37.673347, 55.7979437], [37.6739368, 55.7977718], [37.6739642, 55.7977906], [37.6740309, 55.7978056], [37.6744759, 55.79771040000001], [37.6749114, 55.79761179999999], [37.6756497, 55.79744399999999], [37.6761177, 55.7973445], [37.6761873, 55.797346999999995], [37.6761734, 55.797453600000004], [37.6762901, 55.797402899999994], [37.6775116, 55.79742490000001], [37.6775835, 55.7973852], [37.677601, 55.797429300000005], [37.6776503, 55.797553499999985], [37.6777482, 55.79755159999999], [37.6778282, 55.7975538], [37.6783555, 55.79773910000001], [37.6784409, 55.797773400000004], [37.6791597, 55.7979371], [37.6794143, 55.797980599999995], [37.6797622, 55.79804589999999], [37.6805904, 55.798113199999996], [37.6805654, 55.7982129], [37.6806754, 55.79833810000001], [37.681148, 55.79868040000001], [37.68136290000001, 55.7988711], [37.6816027, 55.79904669999999], [37.6817536, 55.79918240000001], [37.6819146, 55.79928639999999], [37.6820621, 55.7994492], [37.6823142, 55.799557799999995], [37.6827246, 55.799805], [37.6829222, 55.79985159999999], [37.683037, 55.7998408], [37.6832135, 55.799982099999994], [37.6832655, 55.80002369999998], [37.6833497, 55.80009119999999], [37.6834622, 55.8001813], [37.6836904, 55.800364], [37.684127, 55.8007137], [37.6844097, 55.800940100000005], [37.684465, 55.80098439999998], [37.6852532, 55.80161549999999], [37.6854289, 55.80175629999999], [37.6855843, 55.80188069999999], [37.6856124, 55.8019032], [37.6856429, 55.8019199], [37.6857224, 55.8019789], [37.6858911, 55.8020267], [37.6858344, 55.80207359999999], [37.6853926, 55.8023476], [37.6853014, 55.80243060000001], [37.6852612, 55.80246979999999], [37.6848703, 55.803018699999996], [37.6856008, 55.8037164], [37.6858635, 55.8039676], [37.6871646, 55.80512589999999], [37.6869969, 55.8051852], [37.6868887, 55.805223500000004], [37.6869355, 55.8052653], [37.6869783, 55.8053035], [37.6869783, 55.8053035], [37.6870868, 55.805265399999996], [37.6870868, 55.805265399999996], [37.6869783, 55.8053035], [37.6870868, 55.805265399999996], [37.6877743, 55.80586919999999], [37.6870868, 55.805265399999996]]}}, {"type": "Feature", "properties": {"h3_index": "8811aa6301fffff", "profile": "run", "rank": 2, "length_m": 4835, "good_m": 4820, "good_share": 0.997}, "geometry": {"type": "LineString", "coordinates": [[37.6599764, 55.79381289999999], [37.6600463, 55.79378159999999], [37.6602029, 55.79363439999999], [37.6603615, 55.7934471], [37.6604953, 55.793281], [37.6606232, 55.7933141], [37.6608244, 55.793404599999995], [37.6611243, 55.793446199999984], [37.6614547, 55.793469400000006], [37.6617291, 55.79352269999999], [37.6624784, 55.79374219999999], [37.6625863, 55.79376039999998], [37.6628306, 55.793877300000005], [37.6630372, 55.794000999999994], [37.6631825, 55.79408979999999], [37.66341, 55.794224500000006], [37.6635502, 55.79422559999998], [37.663577, 55.7942362], [37.6637506, 55.7942388], [37.6637828, 55.79423099999999], [37.663947, 55.7942349], [37.6639371, 55.7944103], [37.664099, 55.7944535], [37.6643331, 55.7945109], [37.6644465, 55.794539099999994], [37.6647055, 55.79460370000001], [37.665004, 55.79466729999999], [37.6652524, 55.7947458], [37.6653281, 55.7949511], [37.6653397, 55.7949848], [37.6659882, 55.794912399999994], [37.6667465, 55.794827699999985], [37.6667883, 55.79482310000001], [37.6668928, 55.7948128], [37.6670078, 55.794803999999985], [37.6675716, 55.7947712], [37.6679081, 55.7947516], [37.6683769, 55.7947244], [37.6691798, 55.79467749999999], [37.66929940000001, 55.79467069999999], [37.6698209, 55.7946404], [37.6700098, 55.79462939999999], [37.670166, 55.794744300000005], [37.6705062, 55.7949946], [37.6706045, 55.7950654], [37.6706572, 55.795097299999995], [37.6707189, 55.795123499999995], [37.6714367, 55.79537729999999], [37.6716324, 55.795349699999996], [37.671644, 55.7953766], [37.6716534, 55.7953982], [37.6716622, 55.7954185], [37.6716909, 55.795489], [37.6718496, 55.7958785], [37.6719081, 55.7960222], [37.672051700000004, 55.79638099999999], [37.6720667, 55.796422099999994], [37.6721726, 55.7965345], [37.6724226, 55.79673300000001], [37.6726482, 55.79681740000001], [37.6729414, 55.796936599999995], [37.6729645, 55.79694340000001], [37.67299, 55.79694639999998], [37.6730468, 55.79694849999999], [37.6730764, 55.79695170000001], [37.6731036, 55.7969589], [37.6731697, 55.796982500000006], [37.6732126, 55.796986], [37.6731997, 55.79699539999999], [37.6732562, 55.797018400000006], [37.6733387, 55.797052], [37.6732587, 55.7971108], [37.673402, 55.7971735], [37.6739354, 55.79740700000001], [37.6742331, 55.7974638], [37.6744759, 55.79771040000001], [37.6749114, 55.79761179999999], [37.6756497, 55.79744399999999], [37.6761177, 55.7973445], [37.6761873, 55.797346999999995], [37.6761734, 55.797453600000004], [37.6769331, 55.79805059999998], [37.6766531, 55.7983539], [37.6766444, 55.7984372], [37.6766856, 55.79849560000001], [37.6767077, 55.7985666], [37.67672890000001, 55.798651], [37.6766725, 55.79878310000001], [37.676622800000004, 55.79878860000001], [37.6766455, 55.79885910000001], [37.6766649, 55.798913], [37.6766682, 55.798999900000005], [37.6767126, 55.79910209999999], [37.6768543, 55.7991798], [37.6770034, 55.7992141], [37.6770161, 55.79926629999999], [37.6770852, 55.7994236], [37.6769793, 55.79959459999999], [37.6768472, 55.7998317], [37.6767556, 55.7999962], [37.676729, 55.80004400000001], [37.6767025, 55.8000915], [37.6766624, 55.8001635], [37.6766402, 55.800203399999994], [37.6765801, 55.8003112], [37.6765408, 55.800413999999996], [37.676536000000006, 55.80048209999999], [37.6765312, 55.800629400000005], [37.676534800000006, 55.800644799999986], [37.6765689, 55.80074649999999], [37.6765636, 55.8008147], [37.676445, 55.80104409999998], [37.6764214, 55.80110460000001], [37.676411, 55.801144799999996], [37.6764406, 55.801221600000005], [37.6766318, 55.801221], [37.6765681, 55.80126949999999], [37.6765002, 55.8013212], [37.6764167, 55.801363499999994], [37.676235, 55.801467900000006], [37.6757615, 55.8017468], [37.6755506, 55.8018489], [37.6755332, 55.802046499999996], [37.6754534, 55.8026508], [37.6753581, 55.80338569999999], [37.6752725, 55.80404], [37.6751613, 55.80489109999999], [37.6751513, 55.804967299999994], [37.6749343, 55.806489799999994], [37.6749645, 55.8066021], [37.6750058, 55.8067561], [37.6749443, 55.80722839999999], [37.6749322, 55.8073101], [37.6749262, 55.8073587], [37.6749195, 55.80740719999999], [37.6749116, 55.8074642], [37.6748259, 55.80746049999999], [37.6747473, 55.80745720000001], [37.6741571, 55.8078013], [37.6739142, 55.80791419999999], [37.6736918, 55.80820829999999], [37.6735193, 55.8085806], [37.67219, 55.8084336], [37.6711432, 55.8083179], [37.6706145, 55.80826270000001], [37.6688913, 55.808077899999994], [37.6689426, 55.807922899999994], [37.6690565, 55.80778399999999], [37.6690972, 55.8076869], [37.6690651, 55.807578599999985], [37.6689958, 55.80748429999999], [37.6686407, 55.80719090000001], [37.6684901, 55.80703569999999], [37.6683641, 55.8069065], [37.668226, 55.80687319999999], [37.6682663, 55.8068133], [37.6683139, 55.80674249999999], [37.6683376, 55.8067073], [37.668376, 55.806650100000006], [37.668301, 55.806627899999995], [37.6681506, 55.80636770000001], [37.6681078, 55.8062803], [37.6679, 55.8060476], [37.6677764, 55.8058451], [37.6676842, 55.80559540000001], [37.6675853, 55.805392199999986], [37.667497, 55.805227800000004], [37.6674852, 55.805041], [37.6674789, 55.8049502], [37.6674411, 55.804883], [37.6674325, 55.8047531], [37.6673981, 55.8046134], [37.6672974, 55.8043154], [37.6672916, 55.8042533], [37.6673783, 55.80407189999999], [37.6675111, 55.803959799999994], [37.6675661, 55.80387279999999], [37.6675916, 55.803711099999994], [37.6677471, 55.8035694], [37.6678085, 55.8034102], [37.6676852, 55.80337840000001], [37.6670885, 55.80322470000001], [37.6670341, 55.80319779999999], [37.6666566, 55.8030115], [37.6664124, 55.8029253], [37.66620150000001, 55.8028508], [37.665829, 55.8026773], [37.6658171, 55.80267239999999], [37.6657365, 55.8026364], [37.6656448, 55.802595399999994], [37.6655115, 55.8023912], [37.665552700000006, 55.802283100000004], [37.6656293, 55.80208180000001], [37.6652893, 55.8019611], [37.6651122, 55.80189829999999], [37.6650688, 55.8017448], [37.6649161, 55.8015293], [37.6646279, 55.8012734], [37.6644686, 55.801109999999994], [37.6644527, 55.801084999999986], [37.6643897, 55.80098629999999], [37.6642476, 55.8007487], [37.6642048, 55.800724499999994], [37.6639452, 55.8005775], [37.6638556, 55.8004087], [37.6638133, 55.80032889999999], [37.6636504, 55.80025129999999], [37.6632994, 55.80018049999999], [37.6628338, 55.8000866], [37.6627153, 55.8000025], [37.6626719, 55.799923899999996], [37.6626398, 55.799868899999986], [37.6626099, 55.799833199999995], [37.6625784, 55.7997976], [37.6623853, 55.7995323], [37.6623828, 55.79951859999999], [37.6623723, 55.799461799999996], [37.6624222, 55.79939749999999], [37.662476100000006, 55.7993578], [37.6625164, 55.799328200000005], [37.6625669, 55.7991688], [37.6625568, 55.7991355], [37.6624853, 55.7989183], [37.6623424, 55.798731100000005], [37.6622423, 55.7986], [37.6621702, 55.7983211], [37.662163, 55.798293399999984], [37.662152000000006, 55.7982369], [37.6621437, 55.79818689999998], [37.6620594, 55.7978562], [37.6619589, 55.79746159999999], [37.6619367, 55.7974108], [37.6618722, 55.79726289999999], [37.6618001, 55.797175], [37.6617246, 55.79708299999999], [37.6615791, 55.7970034], [37.6613593, 55.79688320000001], [37.6612829, 55.796838099999995], [37.6612361, 55.796784099999996], [37.6611622, 55.7966936], [37.661151, 55.796659299999995], [37.6610505, 55.7963506], [37.6610317, 55.79622839999999], [37.6610127, 55.7961058], [37.6609263, 55.79579559999999], [37.660808, 55.79537040000001], [37.6607766, 55.795257600000014], [37.6606219, 55.7949757], [37.660299, 55.7944894], [37.6600862, 55.794301399999995], [37.6600109, 55.79394240000001], [37.6599764, 55.79381289999999]]}}, {"type": "Feature", "properties": {"h3_index": "8811aa6301fffff", "profile": "run", "rank": 3, "length_m": 4975, "good_m": 4938, "good_share": 0.993}, "geometry": {"type": "LineString", "coordinates": [[37.6621038, 55.80514620000001], [37.6616585, 55.80509199999999], [37.6612669, 55.805010599999996], [37.6602827, 55.8047184], [37.6612669, 55.805010599999996], [37.6616585, 55.80509199999999], [37.6621038, 55.80514620000001], [37.6628043, 55.804789899999996], [37.6627354, 55.804775299999996], [37.6626427, 55.80477540000001], [37.6621038, 55.80514620000001], [37.6621038, 55.80514620000001], [37.6626427, 55.80477540000001], [37.6627354, 55.804775299999996], [37.6628043, 55.804789899999996], [37.663026, 55.80463429999999], [37.6628043, 55.804789899999996], [37.6628043, 55.804789899999996], [37.663026, 55.80463429999999], [37.66310320000001, 55.8045789], [37.663026, 55.80463429999999], [37.663026, 55.80463429999999], [37.66310320000001, 55.8045789], [37.6631592, 55.8045293], [37.66310320000001, 55.8045789], [37.66310320000001, 55.8045789], [37.6631592, 55.8045293], [37.663265, 55.80457859999999], [37.6631592, 55.8045293], [37.6631592, 55.8045293], [37.663265, 55.80457859999999], [37.6634313, 55.80445629999999], [37.6633082, 55.8045469], [37.663265, 55.80457859999999], [37.663265, 55.80457859999999], [37.6633082, 55.8045469], [37.6634313, 55.80445629999999], [37.6640678, 55.8039884], [37.6634313, 55.80445629999999], [37.6634313, 55.80445629999999], [37.6640678, 55.8039884], [37.6640678, 55.8039884], [37.6646143, 55.8040699], [37.6652134, 55.80413949999999], [37.66556, 55.8042021], [37.6661297, 55.8042514], [37.6666474, 55.80423869999999], [37.6670919, 55.80428499999999], [37.6672974, 55.8043154], [37.6678888, 55.804396999999994], [37.6684538, 55.804477999999996], [37.6687311, 55.80452919999999], [37.6689366, 55.80431060000001], [37.6693833, 55.8041634], [37.6700252, 55.8040292], [37.6701336, 55.80403789999999], [37.6717129, 55.8040488], [37.6725483, 55.804124200000004], [37.6733654, 55.80423109999999], [37.6734015, 55.80426409999999], [37.6734263, 55.8042902], [37.6740032, 55.80451269999999], [37.6740604, 55.8046639], [37.674171, 55.8047754], [37.6743718, 55.8048486], [37.6751513, 55.804967299999994], [37.6756114, 55.8049924], [37.6762658, 55.805143199999996], [37.6768882, 55.805199899999984], [37.677835, 55.80532219999999], [37.6783362, 55.805360900000004], [37.6788138, 55.80543], [37.6793805, 55.80534099999999], [37.6798139, 55.80529260000001], [37.6802736, 55.8052892], [37.6806482, 55.805315], [37.6806815, 55.80531919999999], [37.6813113, 55.806908400000005], [37.6812318, 55.80693209999998], [37.6812565, 55.80700499999999], [37.6812602, 55.807018599999985], [37.6812718, 55.80705989999999], [37.6812843, 55.80710779999999], [37.6814277, 55.8071661], [37.6815305, 55.807153899999996], [37.6816813, 55.8071342], [37.6817509, 55.8070901], [37.681755, 55.80701379999999], [37.6827112, 55.806736499999985], [37.6840496, 55.8063582], [37.6841354, 55.80638319999999], [37.6843065, 55.80637140000001], [37.6844668, 55.806360299999994], [37.6844709, 55.8061833], [37.6869783, 55.8053035], [37.6869783, 55.8053035], [37.6869355, 55.8052653], [37.6868887, 55.805223500000004], [37.6869969, 55.8051852], [37.6871646, 55.80512589999999], [37.6858635, 55.8039676], [37.6856008, 55.8037164], [37.6848703, 55.803018699999996], [37.6852612, 55.80246979999999], [37.6853014, 55.80243060000001], [37.6853926, 55.8023476], [37.6858344, 55.80207359999999], [37.6858911, 55.8020267], [37.6857224, 55.8019789], [37.6856429, 55.8019199], [37.6856124, 55.8019032], [37.6855843, 55.80188069999999], [37.6854289, 55.80175629999999], [37.6852532, 55.80161549999999], [37.684465, 55.80098439999998], [37.6844097, 55.800940100000005], [37.684127, 55.8007137], [37.6836904, 55.800364], [37.6834622, 55.8001813], [37.6833497, 55.80009119999999], [37.6832655, 55.80002369999998], [37.6832135, 55.799982099999994], [37.683037, 55.7998408], [37.6829222, 55.79985159999999], [37.6827246, 55.799805], [37.6823142, 55.799557799999995], [37.6820621, 55.7994492], [37.6819146, 55.79928639999999], [37.6817536, 55.79918240000001], [37.6816027, 55.79904669999999], [37.68136290000001, 55.7988711], [37.681148, 55.79868040000001], [37.6806754, 55.79833810000001], [37.6805654, 55.7982129], [37.6805904, 55.798113199999996], [37.6797622, 55.79804589999999], [37.6794143, 55.797980599999995], [37.6791597, 55.7979371], [37.6784409, 55.797773400000004], [37.6783555, 55.79773910000001], [37.6778282, 55.7975538], [37.6777482, 55.79755159999999], [37.6776503, 55.797553499999985], [37.677601, 55.797429300000005], [37.6775835, 55.7973852], [37.6775116, 55.79742490000001], [37.6762901, 55.797402899999994], [37.6761734, 55.797453600000004], [37.6761873, 55.797346999999995], [37.6761177, 55.7973445], [37.6756497, 55.79744399999999], [37.6749114, 55.79761179999999], [37.6744759, 55.79771040000001], [37.6740309, 55.7978056], [37.6739642, 55.7977906], [37.6739368, 55.7977718], [37.673347, 55.7979437], [37.6731474, 55.7980026], [37.673069600000005, 55.798040399999984], [37.6727917, 55.79819520000001], [37.6725616, 55.798298], [37.6721404, 55.7986308], [37.6716639, 55.7986743], [37.6713436, 55.7988041], [37.671213, 55.79876879999999], [37.6711448, 55.79881859999999], [37.6710092, 55.7989129], [37.6709525, 55.7989588], [37.6708436, 55.7990065], [37.6705374, 55.799231699999986], [37.6702869, 55.79941579999999], [37.6695782, 55.799936899999985], [37.6682009, 55.8009496], [37.6673677, 55.80156229999999], [37.6663736, 55.80229309999999], [37.6663329, 55.8023231], [37.665829, 55.8026773], [37.6655812, 55.80285879999999], [37.6640678, 55.8039884], [37.6869783, 55.8053035], [37.6870868, 55.805265399999996], [37.6870868, 55.805265399999996], [37.6869783, 55.8053035], [37.6870868, 55.805265399999996], [37.6877743, 55.80586919999999], [37.6870868, 55.805265399999996]]}}, {"type": "Feature", "properties": {"h3_index": "8811aa6301fffff", "profile": "bike", "rank": 1, "length_m": 18283, "good_m": 13498, "good_share": 0.738}, "geometry": {"type": "LineString", "coordinates": [[37.6573066, 55.82894949999999], [37.6568825, 55.82909329999998], [37.656175, 55.829298599999994], [37.6558763, 55.82935379999999], [37.6556456, 55.829356199999985], [37.6558763, 55.82935379999999], [37.656175, 55.829298599999994], [37.6568825, 55.82909329999998], [37.6573066, 55.82894949999999], [37.6588607, 55.8286667], [37.6583327, 55.8287291], [37.6581402, 55.8287246], [37.6579201, 55.828746699999996], [37.6574877, 55.82888799999999], [37.6573066, 55.82894949999999], [37.6573066, 55.82894949999999], [37.6574877, 55.82888799999999], [37.6579201, 55.828746699999996], [37.6581402, 55.8287246], [37.6583327, 55.8287291], [37.6588607, 55.8286667], [37.660267100000006, 55.828595699999994], [37.6601683, 55.828437900000004], [37.660053, 55.82841779999998], [37.6597516, 55.82846419999999], [37.6588607, 55.8286667], [37.6588607, 55.8286667], [37.6597516, 55.82846419999999], [37.660053, 55.82841779999998], [37.6601683, 55.828437900000004], [37.660267100000006, 55.828595699999994], [37.66238750000001, 55.82822409999999], [37.6619524, 55.8283497], [37.6617281, 55.8284367], [37.6609222, 55.82850839999999], [37.660267100000006, 55.828595699999994], [37.660267100000006, 55.828595699999994], [37.6609222, 55.82850839999999], [37.6617281, 55.8284367], [37.6619524, 55.8283497], [37.66238750000001, 55.82822409999999], [37.6628103, 55.828093999999986], [37.66238750000001, 55.82822409999999], [37.66238750000001, 55.82822409999999], [37.6628103, 55.828093999999986], [37.6644793, 55.82730769999999], [37.6637164, 55.8275906], [37.6633096, 55.827766499999996], [37.662958, 55.8279418], [37.6628103, 55.828093999999986], [37.6628103, 55.828093999999986], [37.662958, 55.8279418], [37.6633096, 55.827766499999996], [37.6637164, 55.8275906], [37.6644793, 55.82730769999999], [37.6652982, 55.8270281], [37.6648997, 55.8271517], [37.6644793, 55.82730769999999], [37.6644793, 55.82730769999999], [37.6648997, 55.8271517], [37.6652982, 55.8270281], [37.667627, 55.826294999999995], [37.667364, 55.82640580000001], [37.6652982, 55.8270281], [37.6652982, 55.8270281], [37.667364, 55.82640580000001], [37.667627, 55.826294999999995], [37.6669934, 55.82590470000001], [37.6676767, 55.826270599999994], [37.6676767, 55.826270599999994], [37.6669934, 55.82590470000001], [37.6692873, 55.82499359999998], [37.6690654, 55.824956300000004], [37.667715, 55.824993899999996], [37.6675862, 55.825011999999994], [37.6674427, 55.825058], [37.667385, 55.82509709999999], [37.6673515, 55.82514909999999], [37.6672643, 55.8256297], [37.6669934, 55.82590470000001], [37.6669934, 55.82590470000001], [37.6672643, 55.8256297], [37.6673515, 55.82514909999999], [37.667385, 55.82509709999999], [37.6674427, 55.825058], [37.6675862, 55.825011999999994], [37.667715, 55.824993899999996], [37.6690654, 55.824956300000004], [37.6692873, 55.82499359999998], [37.6676767, 55.826270599999994], [37.667627, 55.826294999999995], [37.667627, 55.826294999999995], [37.6676767, 55.826270599999994], [37.6695488, 55.824753199999996], [37.669467, 55.8248178], [37.6693719, 55.824889299999995], [37.6693215, 55.8249399], [37.6692873, 55.82499359999998], [37.6692873, 55.82499359999998], [37.6693215, 55.8249399], [37.6693719, 55.824889299999995], [37.669467, 55.8248178], [37.6695488, 55.824753199999996], [37.6705462, 55.8245322], [37.670297000000005, 55.8245518], [37.6699763, 55.8245883], [37.6698085, 55.8246261], [37.669668300000005, 55.8246855], [37.6695488, 55.824753199999996], [37.6695488, 55.824753199999996], [37.669668300000005, 55.8246855], [37.6698085, 55.8246261], [37.6699763, 55.8245883], [37.670297000000005, 55.8245518], [37.6705462, 55.8245322], [37.6707697, 55.82450670000001], [37.6705462, 55.8245322], [37.6705462, 55.8245322], [37.6707697, 55.82450670000001], [37.6715461, 55.82486789999999], [37.6707697, 55.82450670000001], [37.6707697, 55.82450670000001], [37.6715461, 55.82486789999999], [37.6733832, 55.82528239999999], [37.6715461, 55.82486789999999], [37.6715461, 55.82486789999999], [37.6733832, 55.82528239999999], [37.6736051, 55.825330399999984], [37.6733832, 55.82528239999999], [37.6733832, 55.82528239999999], [37.6736051, 55.825330399999984], [37.6741384, 55.8252079], [37.6736051, 55.825330399999984], [37.6736051, 55.825330399999984], [37.6741384, 55.8252079], [37.6743659, 55.8251905], [37.6741384, 55.8252079], [37.6741384, 55.8252079], [37.6743659, 55.8251905], [37.6778979, 55.82458779999999], [37.6764551, 55.824675099999986], [37.6754247, 55.8248317], [37.6743659, 55.8251905], [37.6743659, 55.8251905], [37.6754247, 55.8248317], [37.6764551, 55.824675099999986], [37.6778979, 55.82458779999999], [37.6762901, 55.797402899999994], [37.6763533, 55.7974402], [37.676988, 55.7976447], [37.676988, 55.7976447], [37.6763533, 55.7974402], [37.6762901, 55.797402899999994], [37.6762901, 55.797402899999994], [37.6761734, 55.797453600000004], [37.6762901, 55.797402899999994], [37.676988, 55.7976447], [37.6776157, 55.79768089999999], [37.6776157, 55.79768089999999], [37.676988, 55.7976447], [37.6776157, 55.79768089999999], [37.6775116, 55.79742490000001], [37.6775116, 55.79742490000001], [37.6776157, 55.79768089999999], [37.6775116, 55.79742490000001], [37.6775835, 55.7973852], [37.6775835, 55.7973852], [37.6775116, 55.79742490000001], [37.6775835, 55.7973852], [37.677601, 55.797429300000005], [37.6776503, 55.797553499999985], [37.6776503, 55.797553499999985], [37.677601, 55.797429300000005], [37.6775835, 55.7973852], [37.6776503, 55.797553499999985], [37.6779459, 55.79830099999999], [37.6779459, 55.79830099999999], [37.6776503, 55.797553499999985], [37.6779459, 55.79830099999999], [37.6780647, 55.79859239999999], [37.6780647, 55.79859239999999], [37.6779459, 55.79830099999999], [37.6780647, 55.79859239999999], [37.6781069, 55.798704099999995], [37.6781069, 55.798704099999995], [37.6780647, 55.79859239999999], [37.6781069, 55.798704099999995], [37.6781848, 55.798900399999994], [37.6781848, 55.798900399999994], [37.6781069, 55.798704099999995], [37.6781848, 55.798900399999994], [37.6784361, 55.7995338], [37.6784361, 55.7995338], [37.6781848, 55.798900399999994], [37.6784361, 55.7995338], [37.6786763, 55.8001392], [37.6786763, 55.8001392], [37.6784361, 55.7995338], [37.6786763, 55.8001392], [37.6786988, 55.80019589999999], [37.6786988, 55.80019589999999], [37.6786763, 55.8001392], [37.6887024, 55.81985159999999], [37.6886795, 55.819794699999996], [37.6883611, 55.8195225], [37.6883193, 55.8193678], [37.68835, 55.819269600000005], [37.6887539, 55.819002899999994], [37.6889995, 55.81882639999999], [37.6890676, 55.81866159999999], [37.6891294, 55.81851189999999], [37.6891294, 55.81844820000001], [37.6889759, 55.81816959999999], [37.6884508, 55.8177099], [37.6882886, 55.81754469999999], [37.6884972, 55.81748199999999], [37.6885172, 55.81747439999999], [37.6883893, 55.81739000000001], [37.6877513, 55.81712769999999], [37.6872772, 55.81693709999999], [37.6860593, 55.8164619], [37.6858165, 55.81636379999998], [37.6851895, 55.81611049999999], [37.6848798, 55.815985799999986], [37.684919, 55.81595570000001], [37.6851111, 55.8160381], [37.6850615, 55.8160012], [37.68500250000001, 55.8159341], [37.6849602, 55.81585799999999], [37.6849026, 55.8157538], [37.6848335, 55.81562859999999], [37.6848214, 55.81555980000001], [37.6848211, 55.81554379999999], [37.6848204, 55.8154961], [37.6848343, 55.8153897], [37.6848258, 55.8153482], [37.6848195, 55.81531739999999], [37.6848105, 55.81527319999999], [37.6847919, 55.815225600000005], [37.6846856, 55.8152405], [37.684542, 55.814876299999995], [37.6842154, 55.8140551], [37.6838753, 55.8132017], [37.683642400000004, 55.812651899999985], [37.6829643, 55.81109929999999], [37.6829409, 55.81104069999999], [37.6826296, 55.81024699999999], [37.6823645, 55.8095703], [37.681953, 55.80851419999999], [37.6814277, 55.8071661], [37.6813801, 55.8070429], [37.6814776, 55.80702749999999], [37.6814624, 55.80699049999999], [37.6814568, 55.80697639999999], [37.6814239, 55.806895299999994], [37.681379, 55.8067802], [37.6807962, 55.80533369999999], [37.6804224, 55.8044098], [37.679971, 55.80329379999999], [37.6797379, 55.8026918], [37.6795681, 55.802283900000006], [37.678957, 55.800816], [37.6789312, 55.80075399999999], [37.6788554, 55.800569], [37.6788204, 55.8004864], [37.6787261, 55.8002597], [37.6786988, 55.80019589999999], [37.6786988, 55.80019589999999], [37.6787913, 55.8001947], [37.6804443, 55.80017730000001], [37.6817197, 55.8001573], [37.6832655, 55.80002369999998], [37.6851613, 55.7998432], [37.6852899, 55.79980079999999], [37.6854315, 55.799746699999986], [37.68547, 55.799732], [37.6856418, 55.7996664], [37.6856552, 55.79966009999998], [37.6856765, 55.7996501], [37.6858242, 55.79956659999999], [37.6859721, 55.79948269999999], [37.6860459, 55.7995452], [37.6861283, 55.799505399999994], [37.6861503, 55.79949439999999], [37.6861686, 55.799479699999985], [37.6862006, 55.79945399999999], [37.6867586, 55.799906799999995], [37.686941, 55.800104299999994], [37.6872186, 55.800525699999994], [37.6876156, 55.80059219999999], [37.6894386, 55.800573400000005], [37.6895048, 55.8005248], [37.6899349, 55.800476], [37.6899592, 55.8004412], [37.6899999, 55.8004117], [37.6900539, 55.8003898], [37.6901166, 55.80037740000001], [37.690183000000005, 55.8003753], [37.6902477, 55.800383799999985], [37.6903712, 55.800370099999995], [37.6908242, 55.80022900000001], [37.6910802, 55.80022209999999], [37.6913965, 55.8002764], [37.6916293, 55.800362199999995], [37.6920697, 55.800459599999996], [37.6930364, 55.800633999999995], [37.6935419, 55.80067039999999], [37.693941, 55.800758699999996], [37.6942113, 55.80082689999998], [37.6942876, 55.80089499999999], [37.6943104, 55.80095029999999], [37.6946795, 55.80091500000001], [37.694784, 55.800904499999994], [37.694873, 55.80086649999999], [37.6949213, 55.8008174], [37.694968900000006, 55.800828], [37.6950023, 55.8007841], [37.6951449, 55.800817699999996], [37.6954585, 55.800891699999994], [37.6956652, 55.8009404], [37.6957875, 55.800968399999995], [37.6960039, 55.8010179], [37.6962618, 55.8010686], [37.696371, 55.80108569999999], [37.6966043, 55.8011175], [37.6970756, 55.80118170000001], [37.6976359, 55.8012368], [37.6980883, 55.801280399999996], [37.6982969, 55.8012963], [37.698422, 55.8013099], [37.6984168, 55.80122529999999], [37.6984688, 55.80122899999999], [37.6989241, 55.80128349999999], [37.6989479, 55.8012824], [37.6990948, 55.80128510000001], [37.6992703, 55.801284199999984], [37.6994052, 55.801321800000004], [37.699481, 55.801337499999995], [37.6996008, 55.80136100000001], [37.6997646, 55.8013891], [37.70016710000001, 55.801506200000006], [37.7009607, 55.8018052], [37.7021514, 55.80210859999998], [37.7022489, 55.8021163], [37.7022779, 55.8021119], [37.70239740000001, 55.80214099999999], [37.7025235, 55.8021733], [37.7030515, 55.8023078], [37.7034436, 55.80240969999999], [37.7036386, 55.802460399999994], [37.7036608, 55.802417299999995], [37.7051254, 55.8026494], [37.7052174, 55.80267889999999], [37.705279, 55.80272709999999], [37.7053059, 55.80279639999999], [37.705281500000005, 55.80286670000001], [37.70526, 55.80289459999999], [37.7058139, 55.8030613], [37.7059041, 55.8030884], [37.7060214, 55.8031216], [37.706595, 55.8032839], [37.7071021, 55.80342739999999], [37.7074383, 55.803522699999995], [37.7075698, 55.8035189], [37.7076704, 55.8034677], [37.7078179, 55.80335989999998], [37.7078581, 55.8033192], [37.7079252, 55.8032596], [37.70820280000001, 55.8030825], [37.7086038, 55.802833], [37.7087634, 55.80273729999999], [37.708878500000004, 55.802793499999986], [37.7088978, 55.802802899999996], [37.7089172, 55.80281229999999], [37.7090344, 55.8028692], [37.709012, 55.80288610000001], [37.7090032, 55.8029151], [37.7090086, 55.80294449999999], [37.7090166, 55.8029637], [37.709049500000006, 55.8029931], [37.7090695, 55.80301360000001], [37.7091121, 55.803039899999995], [37.7091345, 55.8030153], [37.709256, 55.8029326], [37.70978, 55.80293139999999], [37.7098176, 55.80296379999999], [37.710017, 55.8029631], [37.7101261, 55.8030534], [37.7102391, 55.803127800000006], [37.7104114, 55.8032281], [37.7105866, 55.803325599999994], [37.7107539, 55.80340780000001], [37.711002, 55.803516499999986], [37.7111448, 55.803528599999986], [37.7112843, 55.803526], [37.7113953, 55.80376139999999], [37.7113863, 55.8040822], [37.711347, 55.80410619999999], [37.7114456, 55.8041483], [37.7114854, 55.80411089999999], [37.7116375, 55.8041381], [37.7143514, 55.804622900000005], [37.7144542, 55.80464129999999], [37.7143843, 55.80476289999999], [37.7143447, 55.80483559999999], [37.7142976, 55.8049197], [37.7144407, 55.8049423], [37.7145212, 55.80491589999999], [37.7145949, 55.80492119999999], [37.7152547, 55.805036099999995], [37.7150307, 55.80511249999999], [37.7166478, 55.80539720000001], [37.7176698, 55.8055771], [37.7177172, 55.8054903], [37.717823, 55.80550900000001], [37.717872, 55.80551690000001], [37.7179088, 55.8055229], [37.7179254, 55.8055256], [37.7179835, 55.8056399], [37.7181253, 55.80569869999999], [37.7188896, 55.8058304], [37.7199209, 55.805982], [37.7200898, 55.806006599999996], [37.7209892, 55.80613459999999], [37.7210076, 55.806383499999995], [37.7211716, 55.806411499999996], [37.721246, 55.80646109999999], [37.7216433, 55.8065382], [37.7217366, 55.8065563], [37.7219371, 55.80647509999999], [37.7220671, 55.8064194], [37.722309700000004, 55.8063222], [37.722411, 55.80628500000001], [37.7225622, 55.8062321], [37.7226641, 55.8062495], [37.7226853, 55.806213199999995], [37.7227839, 55.80623179999999], [37.7242355, 55.806480799999996], [37.724552, 55.806526700000006], [37.7246848, 55.806528300000004], [37.7248174, 55.806553499999985], [37.7249025, 55.80656969999999], [37.7248751, 55.8066589], [37.7249668, 55.8066643], [37.7249893, 55.806665599999995], [37.7253782, 55.8067332], [37.7261266, 55.80686339999999], [37.726704600000005, 55.8069584], [37.7268364, 55.80698009999998], [37.7269182, 55.806993199999994], [37.7269117, 55.80700619999998], [37.7268307, 55.807168499999996], [37.72695, 55.80719080000001], [37.7270192, 55.8072038], [37.7273618, 55.807268], [37.7277153, 55.807403199999996], [37.7278386, 55.80748499999999], [37.7279533, 55.8075611], [37.7280511, 55.807624499999996], [37.7281271, 55.807667599999995], [37.7281606, 55.807686600000004], [37.7282726, 55.807750199999994], [37.7286078, 55.8079404], [37.7289118, 55.808113], [37.7292307, 55.80829399999999], [37.729628100000006, 55.808062299999996], [37.7296793, 55.80803240000001], [37.7298576, 55.80792840000001], [37.730045, 55.80787899999999], [37.7302059, 55.8078464], [37.7302948, 55.8078284], [37.7303881, 55.807812299999995], [37.730444, 55.8078762], [37.7305359, 55.807958400000004], [37.7310865, 55.8082848], [37.7319949, 55.8078682], [37.732086, 55.8078264], [37.7326611, 55.80754580000001], [37.7330688, 55.8073469], [37.7331372, 55.8072498], [37.73320280000001, 55.8071651], [37.7332537, 55.80706499999999], [37.7332635, 55.80698949999999], [37.7333365, 55.8069877], [37.6810538, 55.82365969999999], [37.6788139, 55.824298299999995], [37.6778979, 55.82458779999999], [37.6778979, 55.82458779999999], [37.6788139, 55.824298299999995], [37.6810538, 55.82365969999999], [37.6823928, 55.822865199999995], [37.6823439, 55.822971899999985], [37.6819262, 55.823277999999995], [37.6810538, 55.82365969999999], [37.6810538, 55.82365969999999], [37.6819262, 55.823277999999995], [37.6823439, 55.822971899999985], [37.6823928, 55.822865199999995], [37.6842651, 55.82292389999999], [37.6823928, 55.822865199999995], [37.6823928, 55.822865199999995], [37.6842651, 55.82292389999999], [37.6846404, 55.822626899999996], [37.6842651, 55.82292389999999], [37.6842651, 55.82292389999999], [37.6846404, 55.822626899999996], [37.6846795, 55.8226264], [37.6846404, 55.822626899999996], [37.6846404, 55.822626899999996], [37.6846795, 55.8226264], [37.6859134, 55.8220435], [37.6857836, 55.8221469], [37.6846795, 55.8226264], [37.6846795, 55.8226264], [37.6857836, 55.8221469], [37.6859134, 55.8220435], [37.6861969, 55.821817599999996], [37.6859134, 55.8220435], [37.6859134, 55.8220435], [37.6861969, 55.821817599999996], [37.6880177, 55.8205058], [37.6877791, 55.820820899999994], [37.687363, 55.8210177], [37.6869637, 55.821206600000004], [37.6861969, 55.821817599999996], [37.6861969, 55.821817599999996], [37.6869637, 55.821206600000004], [37.687363, 55.8210177], [37.6877791, 55.820820899999994], [37.6880177, 55.8205058], [37.6887594, 55.82014629999999], [37.6880177, 55.8205058], [37.6880177, 55.8205058], [37.6887594, 55.82014629999999], [37.6887024, 55.81985159999999], [37.6887633, 55.8200027], [37.6887594, 55.82014629999999], [37.6887594, 55.82014629999999], [37.6887633, 55.8200027], [37.6887024, 55.81985159999999], [37.7333365, 55.8069877], [37.7332995, 55.807163899999985], [37.7332895, 55.80717779999999], [37.7332193, 55.8072758], [37.7329848, 55.80764609999999], [37.7327645, 55.807979800000005], [37.7325782, 55.808142000000004], [37.7324888, 55.80821590000001], [37.732458, 55.808241200000005], [37.7320175, 55.8085872], [37.7318293, 55.80873189999999], [37.7318335, 55.80877829999999], [37.7317321, 55.8088372], [37.7313958, 55.8090169], [37.7310713, 55.8091802], [37.7301362, 55.809663599999986], [37.729892, 55.809517199999995], [37.729818, 55.8094783], [37.729694, 55.80947849999999], [37.7295824, 55.8095382], [37.7293342, 55.80940199999999], [37.729238900000006, 55.809456299999994], [37.7291028, 55.809531499999984], [37.729066700000004, 55.809551799999994], [37.7290047, 55.8095879], [37.7284644, 55.809274299999984], [37.728394, 55.8093203], [37.7282379, 55.8094092], [37.728078, 55.8094817], [37.7280128, 55.8094622], [37.7279255, 55.80943330000001], [37.7278742, 55.8094122], [37.7266353, 55.810012199999996], [37.7266422, 55.8100443], [37.7260474, 55.810325799999994], [37.7257769, 55.8104049], [37.7257627, 55.810422700000004], [37.7256531, 55.81056009999999], [37.7257203, 55.81059679999999], [37.7256602, 55.810721099999995], [37.7250802, 55.81110220000001], [37.7252772, 55.8112164], [37.7250815, 55.81132639999999], [37.7252697, 55.81144030000001], [37.7249644, 55.8116009], [37.7245534, 55.811817100000006], [37.7236642, 55.81228469999999], [37.7230365, 55.812614800000006], [37.7222309, 55.8130385], [37.722203, 55.8130532], [37.7211795, 55.81359139999999], [37.7212228, 55.8136234], [37.7213807, 55.8137399], [37.7214727, 55.8138061], [37.7213489, 55.813867899999984], [37.7211829, 55.813954899999985], [37.720125, 55.814493899999995], [37.7184443, 55.815350499999994], [37.7183593, 55.8153919], [37.7173699, 55.815906999999996], [37.7172528, 55.815965999999996], [37.7171373, 55.8160216], [37.7153637, 55.81696629999998], [37.7146765, 55.8173323], [37.7145107, 55.8174171], [37.7143846, 55.81748600000001], [37.7138286, 55.8177663], [37.7135958, 55.8178874], [37.7130747, 55.818147999999994], [37.7130092, 55.818179799999996], [37.7129429, 55.8182084], [37.7127947, 55.81841889999998], [37.7127728, 55.8184598], [37.712396, 55.81867129999999], [37.7125586, 55.81876619999999], [37.7128037, 55.8189093], [37.7129081, 55.818970199999995], [37.7126954, 55.81908469999999], [37.712169700000004, 55.819367699999994], [37.7113704, 55.819798], [37.7113251, 55.819857], [37.7113052, 55.819883], [37.7112915, 55.81990079999999], [37.7112844, 55.8199164], [37.7112606, 55.81996529999999], [37.7111982, 55.820105700000006], [37.7111106, 55.820298499999986], [37.7111145, 55.820380099999994], [37.7110625, 55.820482799999986], [37.711013, 55.820548699999996], [37.7107837, 55.8205648], [37.7105885, 55.8204964], [37.7100406, 55.820479500000005], [37.7095287, 55.82048979999999], [37.7091076, 55.82058039999998], [37.7090582, 55.8205882], [37.7089289, 55.82065140000001], [37.7083863, 55.82093010000001], [37.7082685, 55.8209872], [37.7080604, 55.8211319], [37.7078149, 55.82136989999999], [37.7077372, 55.8215103], [37.7074459, 55.8214352], [37.7073305, 55.82139610000001], [37.7068085, 55.82154169999998], [37.7064735, 55.8215836], [37.7061122, 55.821721], [37.7058725, 55.8218257], [37.7056032, 55.82202540000001], [37.7054422, 55.8220852], [37.7053461, 55.8221053], [37.7052051, 55.8221281], [37.7052438, 55.82214809999999], [37.7051838, 55.822176000000006], [37.704114, 55.82218069999999], [37.7037682, 55.8222956], [37.7034149, 55.82212390000001], [37.7027743, 55.821856899999986], [37.7024125, 55.8217385], [37.7020529, 55.82168029999999], [37.7013666, 55.82147299999998], [37.700169, 55.8210309], [37.6996065, 55.8206857], [37.699392, 55.82053270000001], [37.6986591, 55.8201747], [37.6977429, 55.81975829999998], [37.6975548, 55.819782], [37.6976044, 55.8196846], [37.6975727, 55.819593099999985], [37.6975947, 55.819568799999985], [37.6976703, 55.8194854], [37.6972848, 55.819347999999984], [37.6967037, 55.819154699999984], [37.6966077, 55.81924260000001], [37.696487, 55.81930140000001], [37.69637440000001, 55.819299900000004], [37.696192, 55.819254699999995], [37.6959988, 55.8192938], [37.6957689, 55.81926579999999], [37.6953626, 55.8195612], [37.6952619, 55.81956279999999], [37.6950774, 55.81955440000001], [37.6949213, 55.819549800000004], [37.6946837, 55.819542799999994], [37.6945681, 55.8195451], [37.6944498, 55.8193035], [37.6943547, 55.819150499999985], [37.6943009, 55.81908489999999], [37.6942541, 55.819027899999995], [37.69410310000001, 55.8189087], [37.6939629, 55.818845299999985], [37.6934923, 55.81870090000001], [37.6933421, 55.81867], [37.6931959, 55.8186617], [37.6930913, 55.81868730000001], [37.6930186, 55.81872649999999], [37.6929137, 55.818743], [37.6927632, 55.81876549999999], [37.6914097, 55.818943499999996], [37.6911217, 55.819115], [37.6909462, 55.81918809999999], [37.6907528, 55.8192687], [37.6902097, 55.8192139], [37.6887024, 55.81985159999999], [37.7333365, 55.8069877], [37.7333918, 55.80698629999999], [37.7335133, 55.8069493], [37.7335133, 55.8069493], [37.7333918, 55.80698629999999], [37.7333365, 55.8069877], [37.7335133, 55.8069493], [37.7335283, 55.80683679999999], [37.7335137, 55.80673589999999], [37.7335244, 55.80666649999999], [37.733519, 55.806558], [37.7335137, 55.80644639999999], [37.7335137, 55.806356], [37.7335351, 55.8062716], [37.7335512, 55.80619920000001], [37.7335566, 55.8061088], [37.7335298, 55.8060304], [37.7335244, 55.805958000000004], [37.733525, 55.8058768], [37.733525, 55.8058768], [37.7335244, 55.805958000000004], [37.7335298, 55.8060304], [37.7335566, 55.8061088], [37.7335512, 55.80619920000001], [37.7335351, 55.8062716], [37.7335137, 55.806356], [37.7335137, 55.80644639999999], [37.733519, 55.806558], [37.7335244, 55.80666649999999], [37.7335137, 55.80673589999999], [37.7335283, 55.80683679999999], [37.7335133, 55.8069493], [37.733525, 55.8058768], [37.7336392, 55.8058447], [37.733866, 55.8057811], [37.733866, 55.8057811], [37.7336392, 55.8058447], [37.733525, 55.8058768], [37.733866, 55.8057811], [37.734456, 55.80558270000001], [37.734672, 55.8055101], [37.734672, 55.8055101], [37.734456, 55.80558270000001], [37.733866, 55.8057811], [37.734672, 55.8055101], [37.7349247, 55.805425099999994], [37.7349247, 55.805425099999994], [37.734672, 55.8055101], [37.7349247, 55.805425099999994], [37.7350046, 55.805398299999986], [37.7350046, 55.805398299999986], [37.7349247, 55.805425099999994], [37.7350046, 55.805398299999986], [37.7351051, 55.805386], [37.735263100000004, 55.8053672], [37.735263100000004, 55.8053672], [37.7351051, 55.805386], [37.7350046, 55.805398299999986], [37.735263100000004, 55.8053672], [37.7353066, 55.805369299999995], [37.735371, 55.80536699999999], [37.735371, 55.80536699999999], [37.7353066, 55.805369299999995], [37.735263100000004, 55.8053672], [37.735371, 55.80536699999999], [37.7355991, 55.8053335], [37.7355991, 55.8053335], [37.735371, 55.80536699999999], [37.7355991, 55.8053335], [37.7362634, 55.8052358], [37.7362634, 55.8052358], [37.7355991, 55.8053335], [37.7362634, 55.8052358], [37.7363605, 55.805397299999996], [37.7364294, 55.8054564], [37.7365854, 55.80548699999999], [37.7367933, 55.80547589999999], [37.7369203, 55.80543699999999], [37.7370232, 55.80539039999999], [37.7370731, 55.8053294], [37.7372066, 55.804709900000006], [37.7372066, 55.804709900000006], [37.7370731, 55.8053294], [37.7370232, 55.80539039999999], [37.7369203, 55.80543699999999], [37.7367933, 55.80547589999999], [37.7365854, 55.80548699999999], [37.7364294, 55.8054564], [37.7363605, 55.805397299999996], [37.7362634, 55.8052358], [37.7373728, 55.804046799999995], [37.7372303, 55.80397920000001], [37.7370872, 55.8039354], [37.7370872, 55.8039354], [37.7372303, 55.80397920000001], [37.7373728, 55.804046799999995], [37.7370872, 55.8039354], [37.7374638, 55.803424099999994], [37.7374638, 55.803424099999994], [37.7370872, 55.8039354], [37.7372066, 55.804709900000006], [37.7373728, 55.804046799999995], [37.7373728, 55.804046799999995], [37.7372066, 55.804709900000006], [37.7374638, 55.803424099999994], [37.7376205, 55.8032625], [37.7376205, 55.8032625], [37.7374638, 55.803424099999994], [37.7376205, 55.8032625], [37.7373546, 55.8030581], [37.7376205, 55.8032625]]}}, {"type": "Feature", "properties": {"h3_index": "8811aa6301fffff", "profile": "bike", "rank": 2, "length_m": 18371, "good_m": 12697, "good_share": 0.691}, "geometry": {"type": "LineString", "coordinates": [[37.6762901, 55.797402899999994], [37.6763533, 55.7974402], [37.676988, 55.7976447], [37.676988, 55.7976447], [37.6763533, 55.7974402], [37.6762901, 55.797402899999994], [37.6762901, 55.797402899999994], [37.6761734, 55.797453600000004], [37.6762901, 55.797402899999994], [37.676988, 55.7976447], [37.6776157, 55.79768089999999], [37.6776157, 55.79768089999999], [37.676988, 55.7976447], [37.6776157, 55.79768089999999], [37.6775116, 55.79742490000001], [37.6775116, 55.79742490000001], [37.6776157, 55.79768089999999], [37.6775116, 55.79742490000001], [37.6775835, 55.7973852], [37.6775835, 55.7973852], [37.6775116, 55.79742490000001], [37.6964889, 55.781298199999995], [37.6965492, 55.78132579999999], [37.6965989, 55.781351999999984], [37.6965881, 55.7813958], [37.6966917, 55.78175999999999], [37.6967525, 55.78201889999999], [37.6969037, 55.78225989999999], [37.6969779, 55.78230419999999], [37.697048300000006, 55.782318999999994], [37.697136, 55.782327099999996], [37.6972098, 55.7823264], [37.6972116, 55.78233269999999], [37.6972108, 55.78236749999999], [37.6972097, 55.782411700000004], [37.6972057, 55.782493099999996], [37.6972647, 55.7825284], [37.6982777, 55.7825458], [37.7001567, 55.78257619999999], [37.70025290000001, 55.78257779999999], [37.7002542, 55.782546800000006], [37.7000045, 55.782544099999996], [37.6999648, 55.78251699999999], [37.7000085, 55.7824977], [37.700234800000004, 55.7825005], [37.7001876, 55.78303949999999], [37.7004796, 55.7830442], [37.7008675, 55.7830504], [37.70085970000001, 55.783198000000006], [37.7008379, 55.7835727], [37.7008319, 55.7837757], [37.7008376, 55.78384460000001], [37.700853, 55.7838861], [37.70086190000001, 55.783897700000004], [37.7008831, 55.783936800000006], [37.7009553, 55.78398709999998], [37.7010443, 55.7840393], [37.7011809, 55.784116], [37.7017515, 55.78443399999999], [37.7020118, 55.7845808], [37.7021981, 55.784691900000006], [37.7023573, 55.784795599999995], [37.7025494, 55.78476930000001], [37.7035136, 55.7846449], [37.703872800000006, 55.7846092], [37.70402150000001, 55.78459389999999], [37.704159, 55.78458069999999], [37.7048876, 55.78451209999999], [37.7055021, 55.7844555], [37.7057545, 55.7844323], [37.7058519, 55.784430199999996], [37.70597130000001, 55.78443239999999], [37.7060606, 55.7844373], [37.7065641, 55.78448469999999], [37.7067015, 55.7844981], [37.7067911, 55.784506799999996], [37.7069579, 55.784523], [37.7076876, 55.78459389999998], [37.7078837, 55.78461299999999], [37.7079174, 55.784616299999996], [37.7081589, 55.7846398], [37.708588, 55.78468149999999], [37.7089895, 55.78472049999999], [37.7092935, 55.78475], [37.709937800000006, 55.784812699999996], [37.710101, 55.784817799999985], [37.71021770000001, 55.78482139999998], [37.7112775, 55.7849175], [37.7114161, 55.7849303], [37.711616, 55.7849482], [37.7117243, 55.78495789999999], [37.712054, 55.78498789999999], [37.7121658, 55.784997999999995], [37.7123868, 55.78501800000001], [37.7125108, 55.785029300000005], [37.7127044, 55.785046799999996], [37.7129464, 55.7850687], [37.7140603, 55.785169700000004], [37.7142283, 55.7851793], [37.7143807, 55.78520989999999], [37.7145222, 55.7852382], [37.7146866, 55.785253299999994], [37.7158987, 55.78536489999998], [37.7159769, 55.78537209999998], [37.7160395, 55.785377799999985], [37.716575, 55.78542670000001], [37.7171937, 55.785483299999996], [37.7173027, 55.78548779999999], [37.7173303, 55.785489], [37.7175261, 55.7854971], [37.7175801, 55.78550210000001], [37.7176051, 55.785503999999996], [37.7176316, 55.7855061], [37.7177014, 55.78551199999998], [37.717781200000005, 55.78551879999999], [37.7179032, 55.78552919999999], [37.7183044, 55.7855634], [37.7186364, 55.7855917], [37.7196786, 55.7856734], [37.7202815, 55.7857233], [37.72174270000001, 55.78584049999999], [37.7219891, 55.78586030000001], [37.7225753, 55.785907300000005], [37.7227863, 55.78592559999999], [37.7239681, 55.7860426], [37.724149600000004, 55.7860593], [37.7242575, 55.7860687], [37.724938, 55.786117199999985], [37.7250721, 55.78612499999999], [37.72527240000001, 55.78613910000001], [37.7260176, 55.78618780000001], [37.7269982, 55.7862519], [37.7271046, 55.7862588], [37.7277051, 55.7862981], [37.7294926, 55.78641489999998], [37.7300528, 55.78645149999999], [37.7302006, 55.7864599], [37.7303136, 55.78646779999999], [37.7308413, 55.786490400000005], [37.7319838, 55.78654269999999], [37.7326391, 55.7865727], [37.7330166, 55.786590000000004], [37.7331519, 55.78659619999999], [37.733269, 55.7866007], [37.7336239, 55.7866162], [37.7338611, 55.7866266], [37.7349731, 55.7866751], [37.7351125, 55.78668079999999], [37.7356262, 55.786700499999995], [37.7361528, 55.7867111], [37.7362532, 55.78671489999999], [37.7362454, 55.78677590000001], [37.7362226, 55.78695869999999], [37.7361956, 55.7871753], [37.7361793, 55.78730579999999], [37.73614920000001, 55.7875344], [37.7361106, 55.78785680000001], [37.7360797, 55.788103799999995], [37.7360423, 55.788405499999996], [37.7359503, 55.7891471], [37.7358371, 55.7900344], [37.7358331, 55.790065599999984], [37.7358253, 55.7901436], [37.7358161, 55.79023009999999], [37.7357608, 55.7907457], [37.7357489, 55.7908674], [37.735725, 55.791078799999994], [37.7356809, 55.7914886], [37.7356726, 55.791565899999995], [37.7356584, 55.791697000000006], [37.7356379, 55.7918866], [37.73562540000001, 55.792002999999994], [37.7356114, 55.79213329999999], [37.7355713, 55.792505], [37.7355208, 55.792972400000004], [37.7355084, 55.79308840000001], [37.7354775, 55.793375499999996], [37.7354708, 55.79343719999999], [37.7354363, 55.793758000000004], [37.7354176, 55.7938862], [37.7353207, 55.7939313], [37.7353126, 55.793977], [37.7352882, 55.7941425], [37.7352588, 55.7943419], [37.7351501, 55.7949139], [37.7351009, 55.79523249999999], [37.735086900000006, 55.7953231], [37.7350714, 55.7953872], [37.7350397, 55.7955402], [37.735127, 55.796263200000006], [37.7351135, 55.79633260000001], [37.7350183, 55.79682210000001], [37.7345143, 55.79679649999999], [37.7345244, 55.7970821], [37.7343287, 55.79752359999999], [37.7342927, 55.79761200000001], [37.7343148, 55.7979507], [37.7343438, 55.798131], [37.7344, 55.7984793], [37.7343624, 55.798674199999994], [37.7342992, 55.79883209999999], [37.7342577, 55.79901430000001], [37.7340749, 55.798988300000005], [37.7340546, 55.79903050000001], [37.7340164, 55.79911039999999], [37.7339875, 55.79917059999999], [37.7339239, 55.799303099999996], [37.7338577, 55.79944110000002], [37.7342178, 55.7995032], [37.7342312, 55.7995565], [37.734286, 55.79968079999999], [37.73426430000001, 55.799804800000004], [37.7343568, 55.7999181], [37.734368, 55.79999409999999], [37.7351393, 55.8000494], [37.7352874, 55.8000652], [37.7352291, 55.80011759999999], [37.7351676, 55.80020759999999], [37.7350531, 55.800460099999995], [37.7351512, 55.80047479999999], [37.7351694, 55.8005087], [37.7352224, 55.8005929], [37.7352418, 55.800670299999986], [37.7352999, 55.80080529999999], [37.7353991, 55.80095839999999], [37.7354873, 55.80105999999999], [37.7354572, 55.801083199999994], [37.7354505, 55.80110719999999], [37.7354621, 55.8011305], [37.73549, 55.801149], [37.7355291, 55.8011592], [37.7355722, 55.8011593], [37.7356867, 55.80126549999999], [37.7358459, 55.8014211], [37.7360161, 55.80154679999999], [37.736099, 55.8016231], [37.7364219, 55.8018706], [37.7366506, 55.802151300000006], [37.7367702, 55.8021793], [37.7367539, 55.80220769999999], [37.7367615, 55.802237100000006], [37.7367915, 55.80226149999998], [37.7368377, 55.802275899999984], [37.7370565, 55.80277019999999], [37.7373546, 55.8030581], [37.7376205, 55.8032625], [37.7374638, 55.803424099999994], [37.7370872, 55.8039354], [37.7372303, 55.80397920000001], [37.7373728, 55.804046799999995], [37.7372066, 55.804709900000006], [37.7370731, 55.8053294], [37.7370232, 55.80539039999999], [37.7369203, 55.80543699999999], [37.7367933, 55.80547589999999], [37.7365854, 55.80548699999999], [37.7364294, 55.8054564], [37.7363605, 55.805397299999996], [37.7362634, 55.8052358], [37.7355991, 55.8053335], [37.735371, 55.80536699999999], [37.7353066, 55.805369299999995], [37.735263100000004, 55.8053672], [37.7351051, 55.805386], [37.7350046, 55.805398299999986], [37.7349247, 55.805425099999994], [37.734672, 55.8055101], [37.734456, 55.80558270000001], [37.733866, 55.8057811], [37.7336392, 55.8058447], [37.733525, 55.8058768], [37.7335244, 55.805958000000004], [37.7335298, 55.8060304], [37.7335566, 55.8061088], [37.7335512, 55.80619920000001], [37.7335351, 55.8062716], [37.7335137, 55.806356], [37.7335137, 55.80644639999999], [37.733519, 55.806558], [37.7335244, 55.80666649999999], [37.7335137, 55.80673589999999], [37.7335283, 55.80683679999999], [37.7335133, 55.8069493], [37.7333918, 55.80698629999999], [37.7333365, 55.8069877], [37.7332635, 55.80698949999999], [37.7332537, 55.80706499999999], [37.73320280000001, 55.8071651], [37.7331372, 55.8072498], [37.7330688, 55.8073469], [37.7326611, 55.80754580000001], [37.732086, 55.8078264], [37.7319949, 55.8078682], [37.7310865, 55.8082848], [37.7305359, 55.807958400000004], [37.730444, 55.8078762], [37.7303881, 55.807812299999995], [37.7302948, 55.8078284], [37.7302059, 55.8078464], [37.730045, 55.80787899999999], [37.7298576, 55.80792840000001], [37.7296793, 55.80803240000001], [37.729628100000006, 55.808062299999996], [37.7292307, 55.80829399999999], [37.7289118, 55.808113], [37.7286078, 55.8079404], [37.7282726, 55.807750199999994], [37.7281606, 55.807686600000004], [37.7281271, 55.807667599999995], [37.7280511, 55.807624499999996], [37.7279533, 55.8075611], [37.7278386, 55.80748499999999], [37.7277153, 55.807403199999996], [37.7273618, 55.807268], [37.7270192, 55.8072038], [37.72695, 55.80719080000001], [37.7268307, 55.807168499999996], [37.7269117, 55.80700619999998], [37.7269182, 55.806993199999994], [37.7268364, 55.80698009999998], [37.726704600000005, 55.8069584], [37.7261266, 55.80686339999999], [37.7253782, 55.8067332], [37.7249893, 55.806665599999995], [37.7249668, 55.8066643], [37.7248751, 55.8066589], [37.7249025, 55.80656969999999], [37.7248174, 55.806553499999985], [37.7246848, 55.806528300000004], [37.724552, 55.806526700000006], [37.7242355, 55.806480799999996], [37.7227839, 55.80623179999999], [37.7226853, 55.806213199999995], [37.7226641, 55.8062495], [37.7225622, 55.8062321], [37.722411, 55.80628500000001], [37.722309700000004, 55.8063222], [37.7220671, 55.8064194], [37.7219371, 55.80647509999999], [37.7217366, 55.8065563], [37.7216433, 55.8065382], [37.721246, 55.80646109999999], [37.7211716, 55.806411499999996], [37.7210076, 55.806383499999995], [37.7209892, 55.80613459999999], [37.7200898, 55.806006599999996], [37.7199209, 55.805982], [37.7188896, 55.8058304], [37.7181253, 55.80569869999999], [37.7179835, 55.8056399], [37.7179254, 55.8055256], [37.7179088, 55.8055229], [37.717872, 55.80551690000001], [37.717823, 55.80550900000001], [37.7177172, 55.8054903], [37.7176698, 55.8055771], [37.7166478, 55.80539720000001], [37.7150307, 55.80511249999999], [37.7152547, 55.805036099999995], [37.7145949, 55.80492119999999], [37.7145212, 55.80491589999999], [37.7144407, 55.8049423], [37.7142976, 55.8049197], [37.7143447, 55.80483559999999], [37.7143843, 55.80476289999999], [37.7144542, 55.80464129999999], [37.7143514, 55.804622900000005], [37.7116375, 55.8041381], [37.7114854, 55.80411089999999], [37.7114456, 55.8041483], [37.711347, 55.80410619999999], [37.7113863, 55.8040822], [37.7113953, 55.80376139999999], [37.7112843, 55.803526], [37.7111448, 55.803528599999986], [37.711002, 55.803516499999986], [37.7107539, 55.80340780000001], [37.7105866, 55.803325599999994], [37.7104114, 55.8032281], [37.7102391, 55.803127800000006], [37.7101261, 55.8030534], [37.710017, 55.8029631], [37.7098176, 55.80296379999999], [37.70978, 55.80293139999999], [37.709256, 55.8029326], [37.7091345, 55.8030153], [37.7091121, 55.803039899999995], [37.7090695, 55.80301360000001], [37.709049500000006, 55.8029931], [37.7090166, 55.8029637], [37.7090086, 55.80294449999999], [37.7090032, 55.8029151], [37.709012, 55.80288610000001], [37.7090344, 55.8028692], [37.7089172, 55.80281229999999], [37.7088978, 55.802802899999996], [37.708878500000004, 55.802793499999986], [37.7087634, 55.80273729999999], [37.7086038, 55.802833], [37.70820280000001, 55.8030825], [37.7079252, 55.8032596], [37.7078581, 55.8033192], [37.7078179, 55.80335989999998], [37.7076704, 55.8034677], [37.7075698, 55.8035189], [37.7074383, 55.803522699999995], [37.7071021, 55.80342739999999], [37.706595, 55.8032839], [37.7060214, 55.8031216], [37.7059041, 55.8030884], [37.7058139, 55.8030613], [37.70526, 55.80289459999999], [37.705281500000005, 55.80286670000001], [37.7053059, 55.80279639999999], [37.705279, 55.80272709999999], [37.7052174, 55.80267889999999], [37.7051254, 55.8026494], [37.7036608, 55.802417299999995], [37.7036386, 55.802460399999994], [37.7034436, 55.80240969999999], [37.7030515, 55.8023078], [37.7025235, 55.8021733], [37.70239740000001, 55.80214099999999], [37.7022779, 55.8021119], [37.7022489, 55.8021163], [37.7021514, 55.80210859999998], [37.7009607, 55.8018052], [37.70016710000001, 55.801506200000006], [37.6997646, 55.8013891], [37.6996008, 55.80136100000001], [37.699481, 55.801337499999995], [37.6994052, 55.801321800000004], [37.6992703, 55.801284199999984], [37.6990948, 55.80128510000001], [37.6989479, 55.8012824], [37.6989241, 55.80128349999999], [37.6984688, 55.80122899999999], [37.6984168, 55.80122529999999], [37.698422, 55.8013099], [37.6982969, 55.8012963], [37.6980883, 55.801280399999996], [37.6976359, 55.8012368], [37.6970756, 55.80118170000001], [37.6966043, 55.8011175], [37.696371, 55.80108569999999], [37.6962618, 55.8010686], [37.6960039, 55.8010179], [37.6957875, 55.800968399999995], [37.6956652, 55.8009404], [37.6954585, 55.800891699999994], [37.6951449, 55.800817699999996], [37.6950023, 55.8007841], [37.694968900000006, 55.800828], [37.6949213, 55.8008174], [37.694873, 55.80086649999999], [37.694784, 55.800904499999994], [37.6946795, 55.80091500000001], [37.6943104, 55.80095029999999], [37.6942876, 55.80089499999999], [37.6942113, 55.80082689999998], [37.693941, 55.800758699999996], [37.6935419, 55.80067039999999], [37.6930364, 55.800633999999995], [37.6920697, 55.800459599999996], [37.6916293, 55.800362199999995], [37.6913965, 55.8002764], [37.6910802, 55.80022209999999], [37.6908242, 55.80022900000001], [37.6903712, 55.800370099999995], [37.6902477, 55.800383799999985], [37.690183000000005, 55.8003753], [37.6901166, 55.80037740000001], [37.6900539, 55.8003898], [37.6899999, 55.8004117], [37.6899592, 55.8004412], [37.6899349, 55.800476], [37.6895048, 55.8005248], [37.6894386, 55.800573400000005], [37.6876156, 55.80059219999999], [37.6872186, 55.800525699999994], [37.686941, 55.800104299999994], [37.6867586, 55.799906799999995], [37.6862006, 55.79945399999999], [37.6861686, 55.799479699999985], [37.6861503, 55.79949439999999], [37.6861283, 55.799505399999994], [37.6860459, 55.7995452], [37.6859721, 55.79948269999999], [37.6858242, 55.79956659999999], [37.6856765, 55.7996501], [37.6856552, 55.79966009999998], [37.6856418, 55.7996664], [37.68547, 55.799732], [37.6854315, 55.799746699999986], [37.6852899, 55.79980079999999], [37.6851613, 55.7998432], [37.6832655, 55.80002369999998], [37.6817197, 55.8001573], [37.6804443, 55.80017730000001], [37.6787913, 55.8001947], [37.6786988, 55.80019589999999], [37.6786763, 55.8001392], [37.6784361, 55.7995338], [37.6781848, 55.798900399999994], [37.6781069, 55.798704099999995], [37.6780647, 55.79859239999999], [37.6779459, 55.79830099999999], [37.6776503, 55.797553499999985], [37.677601, 55.797429300000005], [37.6775835, 55.7973852], [37.6775835, 55.7973852], [37.677351, 55.796799099999994], [37.6772747, 55.7966], [37.6771126, 55.796176800000005], [37.6770703, 55.796066499999995], [37.6770078, 55.7959029], [37.677005, 55.79589560000001], [37.6769904, 55.79585759999999], [37.6769707, 55.795806299999995], [37.6771703, 55.79577199999999], [37.6773623, 55.7957259], [37.6775443, 55.7956684], [37.6777138, 55.79560059999999], [37.6779267, 55.79548969999999], [37.6781075, 55.79536259999999], [37.6782527, 55.7952218], [37.6783592, 55.79507049999999], [37.6784228, 55.794917899999994], [37.678447, 55.7947618], [37.6784313, 55.794605399999995], [37.678375900000006, 55.794451800000004], [37.6783216, 55.794358599999995], [37.6782527, 55.7942685], [37.678121, 55.7941391], [37.6779593, 55.7940209], [37.6777705, 55.7939163], [37.6775582, 55.793826999999986], [37.6773262, 55.79375479999999], [37.6771107, 55.793706699999994], [37.6771419, 55.7936515], [37.6771639, 55.793612399999994], [37.67761500000001, 55.79281259999999], [37.6776715, 55.792712599999994], [37.6776838, 55.79269070000001], [37.6776967, 55.7926684], [37.6778319, 55.7924289], [37.6779612, 55.79211409999999], [37.6779672, 55.7920985], [37.6779938, 55.79205339999999], [37.678023, 55.79200389999999], [37.6780356, 55.791982499999996], [37.6780743, 55.791916699999994], [37.6781763, 55.7918292], [37.6787201, 55.7909161], [37.6784555, 55.790823200000005], [37.6789907, 55.789924299999996], [37.6793724, 55.78928320000001], [37.6792615, 55.78926169999999], [37.6792969, 55.7892017], [37.6793621, 55.78909139999999], [37.6794546, 55.78893490000001], [37.6796095, 55.7886726], [37.6795314, 55.78865729999999], [37.6794659, 55.78864539999999], [37.6795172, 55.788562899999995], [37.6795203, 55.7885418], [37.6795075, 55.7885174], [37.6795301, 55.788506999999996], [37.6796028, 55.78847360000001], [37.6796888, 55.7884341], [37.6797297, 55.788415399999984], [37.6797557, 55.78840339999999], [37.6798172, 55.7883752], [37.6798927, 55.788340500000004], [37.6799124, 55.788331500000005], [37.6795811, 55.78804729999999], [37.6793604, 55.7878636], [37.679351200000006, 55.7878565], [37.6792962, 55.78781370000001], [37.67932650000001, 55.787803199999985], [37.6795925, 55.78769239999999], [37.6797523, 55.78762590000001], [37.6802492, 55.7874189], [37.6803388, 55.787381599999996], [37.6807742, 55.787200199999994], [37.6814375, 55.78692389999999], [37.682189900000004, 55.78661199999999], [37.68227250000001, 55.78657749999999], [37.68239, 55.7865286], [37.6827888, 55.78636100000001], [37.6833797, 55.786114899999994], [37.6838165, 55.785932900000006], [37.683911, 55.7858935], [37.6840313, 55.785843400000005], [37.6843528, 55.78570949999999], [37.6844941, 55.7856507], [37.6845631, 55.785621899999995], [37.684667, 55.7855786], [37.68472140000001, 55.785556], [37.684863, 55.78549699999999], [37.685179500000004, 55.7853651], [37.685397, 55.78527449999999], [37.6855097, 55.7852276], [37.6856116, 55.78518509999999], [37.686467, 55.78482879999999], [37.6870491, 55.78459509999999], [37.6871663, 55.7845489], [37.6872693, 55.7845034], [37.6882112, 55.784127700000006], [37.6885056, 55.78400559999999], [37.6887416, 55.7839339], [37.6889516, 55.78390079999999], [37.6899704, 55.783751399999986], [37.6901496, 55.783727199999994], [37.6915297, 55.783540699999996], [37.6917605, 55.78350879999999], [37.6939687, 55.78320399999999], [37.694169200000005, 55.7831776], [37.6941949, 55.7831743], [37.6947956, 55.783106000000004], [37.6949328, 55.78309039999999], [37.6961338, 55.7829369], [37.696633, 55.782833399999994], [37.6967324, 55.782789199999996], [37.6967995, 55.7827409], [37.6968458, 55.78267299999998], [37.69686, 55.7826037], [37.6968463, 55.782564], [37.6968015, 55.782433899999994], [37.6967722, 55.782352499999995], [37.6967436, 55.7822376], [37.6966622, 55.78191189999999], [37.6966039, 55.781771], [37.6965474, 55.781670799999986], [37.6964863, 55.781574899999995], [37.6964588, 55.7815086], [37.6964515, 55.7814539], [37.6964549, 55.7813997], [37.6964595, 55.7813759], [37.6964889, 55.781298199999995], [37.6869735, 55.77296139999999], [37.6867692, 55.77261719999999], [37.6867692, 55.77261719999999], [37.6869735, 55.77296139999999], [37.6867692, 55.77261719999999], [37.6869948, 55.77248349999999], [37.6869948, 55.77248349999999], [37.6867692, 55.77261719999999], [37.6871973, 55.77317989999999], [37.6869735, 55.77296139999999], [37.6869735, 55.77296139999999], [37.6871973, 55.77317989999999], [37.6869948, 55.77248349999999], [37.68705940000001, 55.7724452], [37.68705940000001, 55.7724452], [37.6869948, 55.77248349999999], [37.68705940000001, 55.7724452], [37.6874687, 55.77220069999999], [37.6874687, 55.77220069999999], [37.68705940000001, 55.7724452], [37.6873041, 55.773241799999994], [37.6871973, 55.77317989999999], [37.6871973, 55.77317989999999], [37.6873041, 55.773241799999994], [37.6875225, 55.7733567], [37.6873041, 55.773241799999994], [37.6873041, 55.773241799999994], [37.6875225, 55.7733567], [37.6874687, 55.77220069999999], [37.6883, 55.77173209999999], [37.6883, 55.77173209999999], [37.6874687, 55.77220069999999], [37.6882493, 55.773736500000005], [37.6875225, 55.7733567], [37.6875225, 55.7733567], [37.6882493, 55.773736500000005], [37.6883, 55.77173209999999], [37.6886133, 55.771552299999996], [37.6886133, 55.771552299999996], [37.6883, 55.77173209999999], [37.689203, 55.7742353], [37.6882493, 55.773736500000005], [37.6882493, 55.773736500000005], [37.689203, 55.7742353], [37.6886133, 55.771552299999996], [37.6893939, 55.7711043], [37.6896581, 55.770963099999996], [37.6896581, 55.770963099999996], [37.6893939, 55.7711043], [37.6886133, 55.771552299999996], [37.6893161, 55.7743003], [37.689203, 55.7742353], [37.689203, 55.7742353], [37.6893161, 55.7743003], [37.6894358, 55.77435880000001], [37.6893161, 55.7743003], [37.6893161, 55.7743003], [37.6894358, 55.77435880000001], [37.6898938, 55.7746091], [37.6897394, 55.77452139999999], [37.6894358, 55.77435880000001], [37.6894358, 55.77435880000001], [37.6897394, 55.77452139999999], [37.6898938, 55.7746091], [37.6896581, 55.770963099999996], [37.6899572, 55.7707881], [37.6899572, 55.7707881], [37.6896581, 55.770963099999996], [37.6899572, 55.7707881], [37.690267, 55.770611599999995], [37.690267, 55.770611599999995], [37.6899572, 55.7707881], [37.6900681, 55.77470249999998], [37.6898938, 55.7746091], [37.6898938, 55.7746091], [37.6900681, 55.77470249999998], [37.6916081, 55.76499179999999], [37.690341, 55.76401749999999], [37.690341, 55.76401749999999], [37.6916081, 55.76499179999999], [37.690341, 55.76401749999999], [37.6900233, 55.76415239999999], [37.6897538, 55.764359], [37.6900233, 55.76415239999999], [37.690341, 55.76401749999999], [37.6907861, 55.77508269999999], [37.6901867, 55.7747661], [37.6900681, 55.77470249999998], [37.6900681, 55.77470249999998], [37.6901867, 55.7747661], [37.6907861, 55.77508269999999], [37.690267, 55.770611599999995], [37.690575, 55.7704291], [37.6908512, 55.7702654], [37.6912655, 55.77001990000001], [37.6912655, 55.77001990000001], [37.6908512, 55.7702654], [37.690575, 55.7704291], [37.690267, 55.770611599999995], [37.6908891, 55.77513750000001], [37.6907861, 55.77508269999999], [37.6907861, 55.77508269999999], [37.6908891, 55.77513750000001], [37.6911595, 55.7752814], [37.6908891, 55.77513750000001], [37.6908891, 55.77513750000001], [37.6911595, 55.7752814], [37.6912655, 55.77001990000001], [37.6913998, 55.76995029999999], [37.6913998, 55.76995029999999], [37.6912655, 55.77001990000001], [37.6913187, 55.775366], [37.6911595, 55.7752814], [37.6911595, 55.7752814], [37.6913187, 55.775366], [37.6913998, 55.76995029999999], [37.691505, 55.769889199999994], [37.691505, 55.769889199999994], [37.6913998, 55.76995029999999], [37.6921499, 55.76543240000001], [37.6916081, 55.76499179999999], [37.6916081, 55.76499179999999], [37.6921499, 55.76543240000001], [37.6920551, 55.7757547], [37.6913187, 55.775366], [37.6913187, 55.775366], [37.6920551, 55.7757547], [37.691505, 55.769889199999994], [37.6917719, 55.7697335], [37.6917719, 55.7697335], [37.691505, 55.769889199999994], [37.6917719, 55.7697335], [37.6918932, 55.7696628], [37.6918932, 55.7696628], [37.6917719, 55.7697335], [37.6918932, 55.7696628], [37.6919668, 55.7696179], [37.6919668, 55.7696179], [37.6918932, 55.7696628], [37.6919668, 55.7696179], [37.6919834, 55.7696078], [37.6923304, 55.7694157], [37.6923304, 55.7694157], [37.6919834, 55.7696078], [37.6919668, 55.7696179], [37.692238, 55.76550999999999], [37.6921499, 55.76543240000001], [37.6921499, 55.76543240000001], [37.692238, 55.76550999999999], [37.6924216, 55.76549570000001], [37.692238, 55.76550999999999], [37.692238, 55.76550999999999], [37.6924216, 55.76549570000001], [37.6924689, 55.77597229999999], [37.6920551, 55.7757547], [37.6920551, 55.7757547], [37.6924689, 55.77597229999999], [37.6927096, 55.76561809999998], [37.6924216, 55.76549570000001], [37.6924216, 55.76549570000001], [37.6927096, 55.76561809999998], [37.6923304, 55.7694157], [37.6923609, 55.76939740000001], [37.6924712, 55.76933409999999], [37.6924712, 55.76933409999999], [37.6923609, 55.76939740000001], [37.6923304, 55.7694157], [37.6924712, 55.76933409999999], [37.6926003, 55.76926799999999], [37.6926003, 55.76926799999999], [37.6924712, 55.76933409999999], [37.6929218, 55.765636699999995], [37.6927096, 55.76561809999998], [37.6927096, 55.76561809999998], [37.6929218, 55.765636699999995], [37.6926003, 55.76926799999999], [37.6927257, 55.76933340000001], [37.6928442, 55.76920129999999], [37.6929868, 55.769093], [37.6929868, 55.769093], [37.6926003, 55.76926799999999], [37.6925609, 55.776018099999995], [37.6924689, 55.77597229999999], [37.6924689, 55.77597229999999], [37.6925609, 55.776018099999995], [37.6926987, 55.77609069999999], [37.6925609, 55.776018099999995], [37.6925609, 55.776018099999995], [37.6926987, 55.77609069999999], [37.6941935, 55.76607159999999], [37.6940159, 55.765983299999995], [37.6937986, 55.76585799999999], [37.6935866, 55.76577530000001], [37.6932414, 55.765695099999995], [37.692984, 55.76564219999999], [37.6929218, 55.765636699999995], [37.6929218, 55.765636699999995], [37.692984, 55.76564219999999], [37.6932414, 55.765695099999995], [37.6935866, 55.76577530000001], [37.6937986, 55.76585799999999], [37.6940159, 55.765983299999995], [37.6941935, 55.76607159999999], [37.6929328, 55.77621389999999], [37.6926987, 55.77609069999999], [37.6926987, 55.77609069999999], [37.6929328, 55.77621389999999], [37.6929868, 55.769093], [37.6932758, 55.76894679999999], [37.6933214, 55.7689238], [37.6935012, 55.7688168], [37.694085, 55.768469299999985], [37.6963853, 55.7671709], [37.6966058, 55.76704649999999], [37.6966058, 55.76704649999999], [37.6963853, 55.7671709], [37.694085, 55.768469299999985], [37.6935012, 55.7688168], [37.6933214, 55.7689238], [37.6932758, 55.76894679999999], [37.6929868, 55.769093], [37.6932403, 55.77638199999999], [37.6929328, 55.77621389999999], [37.6929328, 55.77621389999999], [37.6932403, 55.77638199999999], [37.6933355, 55.776433999999995], [37.6932403, 55.77638199999999], [37.6932403, 55.77638199999999], [37.6933355, 55.776433999999995], [37.6937444, 55.77665230000001], [37.6933355, 55.776433999999995], [37.6933355, 55.776433999999995], [37.6937444, 55.77665230000001], [37.6937647, 55.776663199999994], [37.6937444, 55.77665230000001], [37.6937444, 55.77665230000001], [37.6937647, 55.776663199999994], [37.693876, 55.77672309999999], [37.6937647, 55.776663199999994], [37.6937647, 55.776663199999994], [37.693876, 55.77672309999999], [37.6943365, 55.76615759999999], [37.6942249, 55.7660937], [37.6941935, 55.76607159999999], [37.6941935, 55.76607159999999], [37.6942249, 55.7660937], [37.6943365, 55.76615759999999], [37.69397190000001, 55.7767785], [37.693876, 55.77672309999999], [37.693876, 55.77672309999999], [37.69397190000001, 55.7767785], [37.6940896, 55.7768466], [37.69397190000001, 55.7767785], [37.69397190000001, 55.7767785], [37.6940896, 55.7768466], [37.6944523, 55.76622559999999], [37.6943365, 55.76615759999999], [37.6943365, 55.76615759999999], [37.6944523, 55.76622559999999], [37.6942719, 55.77694619999999], [37.6940896, 55.7768466], [37.6940896, 55.7768466], [37.6942719, 55.77694619999999], [37.6959252, 55.766744499999994], [37.6953583, 55.76658299999998], [37.6948062, 55.766457199999984], [37.6946047, 55.7663498], [37.6944523, 55.76622559999999], [37.6944523, 55.76622559999999], [37.6946047, 55.7663498], [37.6948062, 55.766457199999984], [37.6953583, 55.76658299999998], [37.6959252, 55.766744499999994], [37.6943915, 55.77701149999999], [37.6943318, 55.776978899999996], [37.6942719, 55.77694619999999], [37.6942719, 55.77694619999999], [37.6943318, 55.776978899999996], [37.6943915, 55.77701149999999], [37.6950104, 55.777356299999994], [37.6945923, 55.77712469999999], [37.6943915, 55.77701149999999], [37.6943915, 55.77701149999999], [37.6945923, 55.77712469999999], [37.6950104, 55.777356299999994], [37.6954591, 55.7776048], [37.6950104, 55.777356299999994], [37.6950104, 55.777356299999994], [37.6954591, 55.7776048], [37.6960602, 55.77793239999999], [37.6954591, 55.7776048], [37.6954591, 55.7776048], [37.6960602, 55.77793239999999], [37.6960697, 55.76677740000001], [37.6959252, 55.766744499999994], [37.6959252, 55.766744499999994], [37.6960697, 55.76677740000001], [37.6964937, 55.766981699999995], [37.6962746, 55.76685489999999], [37.6960697, 55.76677740000001], [37.6960697, 55.76677740000001], [37.6962746, 55.76685489999999], [37.6964937, 55.766981699999995], [37.6961927, 55.7780045], [37.6960602, 55.77793239999999], [37.6960602, 55.77793239999999], [37.6961927, 55.7780045], [37.6966058, 55.76704649999999], [37.6964937, 55.766981699999995], [37.6964937, 55.766981699999995], [37.6966058, 55.76704649999999], [37.6963039, 55.77806679999999], [37.6961927, 55.7780045], [37.6961927, 55.7780045], [37.6963039, 55.77806679999999], [37.6969309, 55.778445099999985], [37.6968719, 55.778396799999996], [37.6967319, 55.7783076], [37.6964471, 55.778147100000005], [37.6963039, 55.77806679999999], [37.6963039, 55.77806679999999], [37.6964471, 55.778147100000005], [37.6967319, 55.7783076], [37.6968719, 55.778396799999996], [37.6969309, 55.778445099999985], [37.6965545, 55.7810608], [37.6965031, 55.781118], [37.6964517, 55.781165699999995], [37.6964052, 55.781197899999995], [37.696328, 55.78122489999999], [37.696428, 55.78127049999999], [37.6964889, 55.781298199999995], [37.6964889, 55.781298199999995], [37.6965172, 55.78122839999999], [37.696542, 55.7811647], [37.6965545, 55.7810608], [37.6965545, 55.7810608], [37.6965611, 55.78100709999999], [37.69659360000001, 55.780892599999994], [37.69659360000001, 55.780892599999994], [37.6965611, 55.78100709999999], [37.6965545, 55.7810608], [37.69659360000001, 55.780892599999994], [37.6966627, 55.7806353], [37.6967224, 55.78046239999998], [37.6967224, 55.78046239999998], [37.6966627, 55.7806353], [37.69659360000001, 55.780892599999994], [37.6967224, 55.78046239999998], [37.6967534, 55.780372699999994], [37.6967534, 55.780372699999994], [37.6967224, 55.78046239999998], [37.6967534, 55.780372699999994], [37.6967885, 55.78026799999999], [37.6967885, 55.78026799999999], [37.6967534, 55.780372699999994], [37.6967885, 55.78026799999999], [37.6968198, 55.78016969999999], [37.6968198, 55.78016969999999], [37.6967885, 55.78026799999999], [37.6968198, 55.78016969999999], [37.696853, 55.780070199999976], [37.696853, 55.780070199999976], [37.6968198, 55.78016969999999], [37.696853, 55.780070199999976], [37.6969476, 55.7797839], [37.6969476, 55.7797839], [37.696853, 55.780070199999976], [37.69698220000001, 55.778502700000004], [37.6969309, 55.778445099999985], [37.6969309, 55.778445099999985], [37.69698220000001, 55.778502700000004], [37.6970746, 55.7791007], [37.6970408, 55.7787255], [37.6970252, 55.77861659999999], [37.6970007, 55.77854079999999], [37.69698220000001, 55.778502700000004], [37.69698220000001, 55.778502700000004], [37.6970007, 55.77854079999999], [37.6970252, 55.77861659999999], [37.6970408, 55.7787255], [37.6970746, 55.7791007], [37.6969476, 55.7797839], [37.696952, 55.77977059999999], [37.696952, 55.77977059999999], [37.6969476, 55.7797839], [37.696952, 55.77977059999999], [37.6970517, 55.77948709999999], [37.6970517, 55.77948709999999], [37.696952, 55.77977059999999], [37.6970517, 55.77948709999999], [37.6970717, 55.779384799999995], [37.6970864, 55.7792826], [37.6970811, 55.7791589], [37.6970811, 55.7791589], [37.6970864, 55.7792826], [37.6970717, 55.779384799999995], [37.6970517, 55.77948709999999], [37.6970811, 55.7791589], [37.6970746, 55.7791007], [37.6970746, 55.7791007], [37.6970811, 55.7791589]]}}, {"type": "Feature", "properties": {"h3_index": "8811aa6301fffff", "profile": "bike", "rank": 3, "length_m": 18283, "good_m": 13498, "good_share": 0.738}, "geometry": {"type": "LineString", "coordinates": [[37.6573066, 55.82894949999999], [37.6568825, 55.82909329999998], [37.656175, 55.829298599999994], [37.6558763, 55.82935379999999], [37.6556456, 55.829356199999985], [37.6558763, 55.82935379999999], [37.656175, 55.829298599999994], [37.6568825, 55.82909329999998], [37.6573066, 55.82894949999999], [37.6588607, 55.8286667], [37.6583327, 55.8287291], [37.6581402, 55.8287246], [37.6579201, 55.828746699999996], [37.6574877, 55.82888799999999], [37.6573066, 55.82894949999999], [37.6573066, 55.82894949999999], [37.6574877, 55.82888799999999], [37.6579201, 55.828746699999996], [37.6581402, 55.8287246], [37.6583327, 55.8287291], [37.6588607, 55.8286667], [37.660267100000006, 55.828595699999994], [37.6601683, 55.828437900000004], [37.660053, 55.82841779999998], [37.6597516, 55.82846419999999], [37.6588607, 55.8286667], [37.6588607, 55.8286667], [37.6597516, 55.82846419999999], [37.660053, 55.82841779999998], [37.6601683, 55.828437900000004], [37.660267100000006, 55.828595699999994], [37.66238750000001, 55.82822409999999], [37.6619524, 55.8283497], [37.6617281, 55.8284367], [37.6609222, 55.82850839999999], [37.660267100000006, 55.828595699999994], [37.660267100000006, 55.828595699999994], [37.6609222, 55.82850839999999], [37.6617281, 55.8284367], [37.6619524, 55.8283497], [37.66238750000001, 55.82822409999999], [37.6628103, 55.828093999999986], [37.66238750000001, 55.82822409999999], [37.66238750000001, 55.82822409999999], [37.6628103, 55.828093999999986], [37.6644793, 55.82730769999999], [37.6637164, 55.8275906], [37.6633096, 55.827766499999996], [37.662958, 55.8279418], [37.6628103, 55.828093999999986], [37.6628103, 55.828093999999986], [37.662958, 55.8279418], [37.6633096, 55.827766499999996], [37.6637164, 55.8275906], [37.6644793, 55.82730769999999], [37.6652982, 55.8270281], [37.6648997, 55.8271517], [37.6644793, 55.82730769999999], [37.6644793, 55.82730769999999], [37.6648997, 55.8271517], [37.6652982, 55.8270281], [37.667627, 55.826294999999995], [37.667364, 55.82640580000001], [37.6652982, 55.8270281], [37.6652982, 55.8270281], [37.667364, 55.82640580000001], [37.667627, 55.826294999999995], [37.6669934, 55.82590470000001], [37.6676767, 55.826270599999994], [37.6676767, 55.826270599999994], [37.6669934, 55.82590470000001], [37.6692873, 55.82499359999998], [37.6690654, 55.824956300000004], [37.667715, 55.824993899999996], [37.6675862, 55.825011999999994], [37.6674427, 55.825058], [37.667385, 55.82509709999999], [37.6673515, 55.82514909999999], [37.6672643, 55.8256297], [37.6669934, 55.82590470000001], [37.6669934, 55.82590470000001], [37.6672643, 55.8256297], [37.6673515, 55.82514909999999], [37.667385, 55.82509709999999], [37.6674427, 55.825058], [37.6675862, 55.825011999999994], [37.667715, 55.824993899999996], [37.6690654, 55.824956300000004], [37.6692873, 55.82499359999998], [37.6676767, 55.826270599999994], [37.667627, 55.826294999999995], [37.667627, 55.826294999999995], [37.6676767, 55.826270599999994], [37.6695488, 55.824753199999996], [37.669467, 55.8248178], [37.6693719, 55.824889299999995], [37.6693215, 55.8249399], [37.6692873, 55.82499359999998], [37.6692873, 55.82499359999998], [37.6693215, 55.8249399], [37.6693719, 55.824889299999995], [37.669467, 55.8248178], [37.6695488, 55.824753199999996], [37.6705462, 55.8245322], [37.670297000000005, 55.8245518], [37.6699763, 55.8245883], [37.6698085, 55.8246261], [37.669668300000005, 55.8246855], [37.6695488, 55.824753199999996], [37.6695488, 55.824753199999996], [37.669668300000005, 55.8246855], [37.6698085, 55.8246261], [37.6699763, 55.8245883], [37.670297000000005, 55.8245518], [37.6705462, 55.8245322], [37.6707697, 55.82450670000001], [37.6705462, 55.8245322], [37.6705462, 55.8245322], [37.6707697, 55.82450670000001], [37.6715461, 55.82486789999999], [37.6707697, 55.82450670000001], [37.6707697, 55.82450670000001], [37.6715461, 55.82486789999999], [37.6733832, 55.82528239999999], [37.6715461, 55.82486789999999], [37.6715461, 55.82486789999999], [37.6733832, 55.82528239999999], [37.6736051, 55.825330399999984], [37.6733832, 55.82528239999999], [37.6733832, 55.82528239999999], [37.6736051, 55.825330399999984], [37.6741384, 55.8252079], [37.6736051, 55.825330399999984], [37.6736051, 55.825330399999984], [37.6741384, 55.8252079], [37.6743659, 55.8251905], [37.6741384, 55.8252079], [37.6741384, 55.8252079], [37.6743659, 55.8251905], [37.6778979, 55.82458779999999], [37.6764551, 55.824675099999986], [37.6754247, 55.8248317], [37.6743659, 55.8251905], [37.6743659, 55.8251905], [37.6754247, 55.8248317], [37.6764551, 55.824675099999986], [37.6778979, 55.82458779999999], [37.6762901, 55.797402899999994], [37.6763533, 55.7974402], [37.676988, 55.7976447], [37.676988, 55.7976447], [37.6763533, 55.7974402], [37.6762901, 55.797402899999994], [37.6762901, 55.797402899999994], [37.6761734, 55.797453600000004], [37.6762901, 55.797402899999994], [37.676988, 55.7976447], [37.6776157, 55.79768089999999], [37.6776157, 55.79768089999999], [37.676988, 55.7976447], [37.6776157, 55.79768089999999], [37.6775116, 55.79742490000001], [37.6775116, 55.79742490000001], [37.6776157, 55.79768089999999], [37.6775116, 55.79742490000001], [37.6775835, 55.7973852], [37.6775835, 55.7973852], [37.6775116, 55.79742490000001], [37.6775835, 55.7973852], [37.677601, 55.797429300000005], [37.6776503, 55.797553499999985], [37.6776503, 55.797553499999985], [37.677601, 55.797429300000005], [37.6775835, 55.7973852], [37.6776503, 55.797553499999985], [37.6779459, 55.79830099999999], [37.6779459, 55.79830099999999], [37.6776503, 55.797553499999985], [37.6779459, 55.79830099999999], [37.6780647, 55.79859239999999], [37.6780647, 55.79859239999999], [37.6779459, 55.79830099999999], [37.6780647, 55.79859239999999], [37.6781069, 55.798704099999995], [37.6781069, 55.798704099999995], [37.6780647, 55.79859239999999], [37.6781069, 55.798704099999995], [37.6781848, 55.798900399999994], [37.6781848, 55.798900399999994], [37.6781069, 55.798704099999995], [37.6781848, 55.798900399999994], [37.6784361, 55.7995338], [37.6784361, 55.7995338], [37.6781848, 55.798900399999994], [37.6784361, 55.7995338], [37.6786763, 55.8001392], [37.6786763, 55.8001392], [37.6784361, 55.7995338], [37.6786763, 55.8001392], [37.6786988, 55.80019589999999], [37.6786988, 55.80019589999999], [37.6786763, 55.8001392], [37.6786988, 55.80019589999999], [37.6787261, 55.8002597], [37.6788204, 55.8004864], [37.6788554, 55.800569], [37.6789312, 55.80075399999999], [37.678957, 55.800816], [37.6795681, 55.802283900000006], [37.6797379, 55.8026918], [37.679971, 55.80329379999999], [37.6804224, 55.8044098], [37.6807962, 55.80533369999999], [37.681379, 55.8067802], [37.6814239, 55.806895299999994], [37.6814568, 55.80697639999999], [37.6814624, 55.80699049999999], [37.6814776, 55.80702749999999], [37.6813801, 55.8070429], [37.6814277, 55.8071661], [37.681953, 55.80851419999999], [37.6823645, 55.8095703], [37.6826296, 55.81024699999999], [37.6829409, 55.81104069999999], [37.6829643, 55.81109929999999], [37.683642400000004, 55.812651899999985], [37.6838753, 55.8132017], [37.6842154, 55.8140551], [37.684542, 55.814876299999995], [37.6846856, 55.8152405], [37.6847919, 55.815225600000005], [37.6848105, 55.81527319999999], [37.6848195, 55.81531739999999], [37.6848258, 55.8153482], [37.6848343, 55.8153897], [37.6848204, 55.8154961], [37.6848211, 55.81554379999999], [37.6848214, 55.81555980000001], [37.6848335, 55.81562859999999], [37.6849026, 55.8157538], [37.6849602, 55.81585799999999], [37.68500250000001, 55.8159341], [37.6850615, 55.8160012], [37.6851111, 55.8160381], [37.684919, 55.81595570000001], [37.6848798, 55.815985799999986], [37.6851895, 55.81611049999999], [37.6858165, 55.81636379999998], [37.6860593, 55.8164619], [37.6872772, 55.81693709999999], [37.6877513, 55.81712769999999], [37.6883893, 55.81739000000001], [37.6885172, 55.81747439999999], [37.6884972, 55.81748199999999], [37.6882886, 55.81754469999999], [37.6884508, 55.8177099], [37.6889759, 55.81816959999999], [37.6891294, 55.81844820000001], [37.6891294, 55.81851189999999], [37.6890676, 55.81866159999999], [37.6889995, 55.81882639999999], [37.6887539, 55.819002899999994], [37.68835, 55.819269600000005], [37.6883193, 55.8193678], [37.6883611, 55.8195225], [37.6886795, 55.819794699999996], [37.6887024, 55.81985159999999], [37.7333365, 55.8069877], [37.7332635, 55.80698949999999], [37.7332537, 55.80706499999999], [37.73320280000001, 55.8071651], [37.7331372, 55.8072498], [37.7330688, 55.8073469], [37.7326611, 55.80754580000001], [37.732086, 55.8078264], [37.7319949, 55.8078682], [37.7310865, 55.8082848], [37.7305359, 55.807958400000004], [37.730444, 55.8078762], [37.7303881, 55.807812299999995], [37.7302948, 55.8078284], [37.7302059, 55.8078464], [37.730045, 55.80787899999999], [37.7298576, 55.80792840000001], [37.7296793, 55.80803240000001], [37.729628100000006, 55.808062299999996], [37.7292307, 55.80829399999999], [37.7289118, 55.808113], [37.7286078, 55.8079404], [37.7282726, 55.807750199999994], [37.7281606, 55.807686600000004], [37.7281271, 55.807667599999995], [37.7280511, 55.807624499999996], [37.7279533, 55.8075611], [37.7278386, 55.80748499999999], [37.7277153, 55.807403199999996], [37.7273618, 55.807268], [37.7270192, 55.8072038], [37.72695, 55.80719080000001], [37.7268307, 55.807168499999996], [37.7269117, 55.80700619999998], [37.7269182, 55.806993199999994], [37.7268364, 55.80698009999998], [37.726704600000005, 55.8069584], [37.7261266, 55.80686339999999], [37.7253782, 55.8067332], [37.7249893, 55.806665599999995], [37.7249668, 55.8066643], [37.7248751, 55.8066589], [37.7249025, 55.80656969999999], [37.7248174, 55.806553499999985], [37.7246848, 55.806528300000004], [37.724552, 55.806526700000006], [37.7242355, 55.806480799999996], [37.7227839, 55.80623179999999], [37.7226853, 55.806213199999995], [37.7226641, 55.8062495], [37.7225622, 55.8062321], [37.722411, 55.80628500000001], [37.722309700000004, 55.8063222], [37.7220671, 55.8064194], [37.7219371, 55.80647509999999], [37.7217366, 55.8065563], [37.7216433, 55.8065382], [37.721246, 55.80646109999999], [37.7211716, 55.806411499999996], [37.7210076, 55.806383499999995], [37.7209892, 55.80613459999999], [37.7200898, 55.806006599999996], [37.7199209, 55.805982], [37.7188896, 55.8058304], [37.7181253, 55.80569869999999], [37.7179835, 55.8056399], [37.7179254, 55.8055256], [37.7179088, 55.8055229], [37.717872, 55.80551690000001], [37.717823, 55.80550900000001], [37.7177172, 55.8054903], [37.7176698, 55.8055771], [37.7166478, 55.80539720000001], [37.7150307, 55.80511249999999], [37.7152547, 55.805036099999995], [37.7145949, 55.80492119999999], [37.7145212, 55.80491589999999], [37.7144407, 55.8049423], [37.7142976, 55.8049197], [37.7143447, 55.80483559999999], [37.7143843, 55.80476289999999], [37.7144542, 55.80464129999999], [37.7143514, 55.804622900000005], [37.7116375, 55.8041381], [37.7114854, 55.80411089999999], [37.7114456, 55.8041483], [37.711347, 55.80410619999999], [37.7113863, 55.8040822], [37.7113953, 55.80376139999999], [37.7112843, 55.803526], [37.7111448, 55.803528599999986], [37.711002, 55.803516499999986], [37.7107539, 55.80340780000001], [37.7105866, 55.803325599999994], [37.7104114, 55.8032281], [37.7102391, 55.803127800000006], [37.7101261, 55.8030534], [37.710017, 55.8029631], [37.7098176, 55.80296379999999], [37.70978, 55.80293139999999], [37.709256, 55.8029326], [37.7091345, 55.8030153], [37.7091121, 55.803039899999995], [37.7090695, 55.80301360000001], [37.709049500000006, 55.8029931], [37.7090166, 55.8029637], [37.7090086, 55.80294449999999], [37.7090032, 55.8029151], [37.709012, 55.80288610000001], [37.7090344, 55.8028692], [37.7089172, 55.80281229999999], [37.7088978, 55.802802899999996], [37.708878500000004, 55.802793499999986], [37.7087634, 55.80273729999999], [37.7086038, 55.802833], [37.70820280000001, 55.8030825], [37.7079252, 55.8032596], [37.7078581, 55.8033192], [37.7078179, 55.80335989999998], [37.7076704, 55.8034677], [37.7075698, 55.8035189], [37.7074383, 55.803522699999995], [37.7071021, 55.80342739999999], [37.706595, 55.8032839], [37.7060214, 55.8031216], [37.7059041, 55.8030884], [37.7058139, 55.8030613], [37.70526, 55.80289459999999], [37.705281500000005, 55.80286670000001], [37.7053059, 55.80279639999999], [37.705279, 55.80272709999999], [37.7052174, 55.80267889999999], [37.7051254, 55.8026494], [37.7036608, 55.802417299999995], [37.7036386, 55.802460399999994], [37.7034436, 55.80240969999999], [37.7030515, 55.8023078], [37.7025235, 55.8021733], [37.70239740000001, 55.80214099999999], [37.7022779, 55.8021119], [37.7022489, 55.8021163], [37.7021514, 55.80210859999998], [37.7009607, 55.8018052], [37.70016710000001, 55.801506200000006], [37.6997646, 55.8013891], [37.6996008, 55.80136100000001], [37.699481, 55.801337499999995], [37.6994052, 55.801321800000004], [37.6992703, 55.801284199999984], [37.6990948, 55.80128510000001], [37.6989479, 55.8012824], [37.6989241, 55.80128349999999], [37.6984688, 55.80122899999999], [37.6984168, 55.80122529999999], [37.698422, 55.8013099], [37.6982969, 55.8012963], [37.6980883, 55.801280399999996], [37.6976359, 55.8012368], [37.6970756, 55.80118170000001], [37.6966043, 55.8011175], [37.696371, 55.80108569999999], [37.6962618, 55.8010686], [37.6960039, 55.8010179], [37.6957875, 55.800968399999995], [37.6956652, 55.8009404], [37.6954585, 55.800891699999994], [37.6951449, 55.800817699999996], [37.6950023, 55.8007841], [37.694968900000006, 55.800828], [37.6949213, 55.8008174], [37.694873, 55.80086649999999], [37.694784, 55.800904499999994], [37.6946795, 55.80091500000001], [37.6943104, 55.80095029999999], [37.6942876, 55.80089499999999], [37.6942113, 55.80082689999998], [37.693941, 55.800758699999996], [37.6935419, 55.80067039999999], [37.6930364, 55.800633999999995], [37.6920697, 55.800459599999996], [37.6916293, 55.800362199999995], [37.6913965, 55.8002764], [37.6910802, 55.80022209999999], [37.6908242, 55.80022900000001], [37.6903712, 55.800370099999995], [37.6902477, 55.800383799999985], [37.690183000000005, 55.8003753], [37.6901166, 55.80037740000001], [37.6900539, 55.8003898], [37.6899999, 55.8004117], [37.6899592, 55.8004412], [37.6899349, 55.800476], [37.6895048, 55.8005248], [37.6894386, 55.800573400000005], [37.6876156, 55.80059219999999], [37.6872186, 55.800525699999994], [37.686941, 55.800104299999994], [37.6867586, 55.799906799999995], [37.6862006, 55.79945399999999], [37.6861686, 55.799479699999985], [37.6861503, 55.79949439999999], [37.6861283, 55.799505399999994], [37.6860459, 55.7995452], [37.6859721, 55.79948269999999], [37.6858242, 55.79956659999999], [37.6856765, 55.7996501], [37.6856552, 55.79966009999998], [37.6856418, 55.7996664], [37.68547, 55.799732], [37.6854315, 55.799746699999986], [37.6852899, 55.79980079999999], [37.6851613, 55.7998432], [37.6832655, 55.80002369999998], [37.6817197, 55.8001573], [37.6804443, 55.80017730000001], [37.6787913, 55.8001947], [37.6786988, 55.80019589999999], [37.6810538, 55.82365969999999], [37.6788139, 55.824298299999995], [37.6778979, 55.82458779999999], [37.6778979, 55.82458779999999], [37.6788139, 55.824298299999995], [37.6810538, 55.82365969999999], [37.6823928, 55.822865199999995], [37.6823439, 55.822971899999985], [37.6819262, 55.823277999999995], [37.6810538, 55.82365969999999], [37.6810538, 55.82365969999999], [37.6819262, 55.823277999999995], [37.6823439, 55.822971899999985], [37.6823928, 55.822865199999995], [37.6842651, 55.82292389999999], [37.6823928, 55.822865199999995], [37.6823928, 55.822865199999995], [37.6842651, 55.82292389999999], [37.6846404, 55.822626899999996], [37.6842651, 55.82292389999999], [37.6842651, 55.82292389999999], [37.6846404, 55.822626899999996], [37.6846795, 55.8226264], [37.6846404, 55.822626899999996], [37.6846404, 55.822626899999996], [37.6846795, 55.8226264], [37.6859134, 55.8220435], [37.6857836, 55.8221469], [37.6846795, 55.8226264], [37.6846795, 55.8226264], [37.6857836, 55.8221469], [37.6859134, 55.8220435], [37.6861969, 55.821817599999996], [37.6859134, 55.8220435], [37.6859134, 55.8220435], [37.6861969, 55.821817599999996], [37.6880177, 55.8205058], [37.6877791, 55.820820899999994], [37.687363, 55.8210177], [37.6869637, 55.821206600000004], [37.6861969, 55.821817599999996], [37.6861969, 55.821817599999996], [37.6869637, 55.821206600000004], [37.687363, 55.8210177], [37.6877791, 55.820820899999994], [37.6880177, 55.8205058], [37.6887594, 55.82014629999999], [37.6880177, 55.8205058], [37.6880177, 55.8205058], [37.6887594, 55.82014629999999], [37.6887024, 55.81985159999999], [37.6887633, 55.8200027], [37.6887594, 55.82014629999999], [37.6887594, 55.82014629999999], [37.6887633, 55.8200027], [37.6887024, 55.81985159999999], [37.6887024, 55.81985159999999], [37.6902097, 55.8192139], [37.6907528, 55.8192687], [37.6909462, 55.81918809999999], [37.6911217, 55.819115], [37.6914097, 55.818943499999996], [37.6927632, 55.81876549999999], [37.6929137, 55.818743], [37.6930186, 55.81872649999999], [37.6930913, 55.81868730000001], [37.6931959, 55.8186617], [37.6933421, 55.81867], [37.6934923, 55.81870090000001], [37.6939629, 55.818845299999985], [37.69410310000001, 55.8189087], [37.6942541, 55.819027899999995], [37.6943009, 55.81908489999999], [37.6943547, 55.819150499999985], [37.6944498, 55.8193035], [37.6945681, 55.8195451], [37.6946837, 55.819542799999994], [37.6949213, 55.819549800000004], [37.6950774, 55.81955440000001], [37.6952619, 55.81956279999999], [37.6953626, 55.8195612], [37.6957689, 55.81926579999999], [37.6959988, 55.8192938], [37.696192, 55.819254699999995], [37.69637440000001, 55.819299900000004], [37.696487, 55.81930140000001], [37.6966077, 55.81924260000001], [37.6967037, 55.819154699999984], [37.6972848, 55.819347999999984], [37.6976703, 55.8194854], [37.6975947, 55.819568799999985], [37.6975727, 55.819593099999985], [37.6976044, 55.8196846], [37.6975548, 55.819782], [37.6977429, 55.81975829999998], [37.6986591, 55.8201747], [37.699392, 55.82053270000001], [37.6996065, 55.8206857], [37.700169, 55.8210309], [37.7013666, 55.82147299999998], [37.7020529, 55.82168029999999], [37.7024125, 55.8217385], [37.7027743, 55.821856899999986], [37.7034149, 55.82212390000001], [37.7037682, 55.8222956], [37.704114, 55.82218069999999], [37.7051838, 55.822176000000006], [37.7052438, 55.82214809999999], [37.7052051, 55.8221281], [37.7053461, 55.8221053], [37.7054422, 55.8220852], [37.7056032, 55.82202540000001], [37.7058725, 55.8218257], [37.7061122, 55.821721], [37.7064735, 55.8215836], [37.7068085, 55.82154169999998], [37.7073305, 55.82139610000001], [37.7074459, 55.8214352], [37.7077372, 55.8215103], [37.7078149, 55.82136989999999], [37.7080604, 55.8211319], [37.7082685, 55.8209872], [37.7083863, 55.82093010000001], [37.7089289, 55.82065140000001], [37.7090582, 55.8205882], [37.7091076, 55.82058039999998], [37.7095287, 55.82048979999999], [37.7100406, 55.820479500000005], [37.7105885, 55.8204964], [37.7107837, 55.8205648], [37.711013, 55.820548699999996], [37.7110625, 55.820482799999986], [37.7111145, 55.820380099999994], [37.7111106, 55.820298499999986], [37.7111982, 55.820105700000006], [37.7112606, 55.81996529999999], [37.7112844, 55.8199164], [37.7112915, 55.81990079999999], [37.7113052, 55.819883], [37.7113251, 55.819857], [37.7113704, 55.819798], [37.712169700000004, 55.819367699999994], [37.7126954, 55.81908469999999], [37.7129081, 55.818970199999995], [37.7128037, 55.8189093], [37.7125586, 55.81876619999999], [37.712396, 55.81867129999999], [37.7127728, 55.8184598], [37.7127947, 55.81841889999998], [37.7129429, 55.8182084], [37.7130092, 55.818179799999996], [37.7130747, 55.818147999999994], [37.7135958, 55.8178874], [37.7138286, 55.8177663], [37.7143846, 55.81748600000001], [37.7145107, 55.8174171], [37.7146765, 55.8173323], [37.7153637, 55.81696629999998], [37.7171373, 55.8160216], [37.7172528, 55.815965999999996], [37.7173699, 55.815906999999996], [37.7183593, 55.8153919], [37.7184443, 55.815350499999994], [37.720125, 55.814493899999995], [37.7211829, 55.813954899999985], [37.7213489, 55.813867899999984], [37.7214727, 55.8138061], [37.7213807, 55.8137399], [37.7212228, 55.8136234], [37.7211795, 55.81359139999999], [37.722203, 55.8130532], [37.7222309, 55.8130385], [37.7230365, 55.812614800000006], [37.7236642, 55.81228469999999], [37.7245534, 55.811817100000006], [37.7249644, 55.8116009], [37.7252697, 55.81144030000001], [37.7250815, 55.81132639999999], [37.7252772, 55.8112164], [37.7250802, 55.81110220000001], [37.7256602, 55.810721099999995], [37.7257203, 55.81059679999999], [37.7256531, 55.81056009999999], [37.7257627, 55.810422700000004], [37.7257769, 55.8104049], [37.7260474, 55.810325799999994], [37.7266422, 55.8100443], [37.7266353, 55.810012199999996], [37.7278742, 55.8094122], [37.7279255, 55.80943330000001], [37.7280128, 55.8094622], [37.728078, 55.8094817], [37.7282379, 55.8094092], [37.728394, 55.8093203], [37.7284644, 55.809274299999984], [37.7290047, 55.8095879], [37.729066700000004, 55.809551799999994], [37.7291028, 55.809531499999984], [37.729238900000006, 55.809456299999994], [37.7293342, 55.80940199999999], [37.7295824, 55.8095382], [37.729694, 55.80947849999999], [37.729818, 55.8094783], [37.729892, 55.809517199999995], [37.7301362, 55.809663599999986], [37.7310713, 55.8091802], [37.7313958, 55.8090169], [37.7317321, 55.8088372], [37.7318335, 55.80877829999999], [37.7318293, 55.80873189999999], [37.7320175, 55.8085872], [37.732458, 55.808241200000005], [37.7324888, 55.80821590000001], [37.7325782, 55.808142000000004], [37.7327645, 55.807979800000005], [37.7329848, 55.80764609999999], [37.7332193, 55.8072758], [37.7332895, 55.80717779999999], [37.7332995, 55.807163899999985], [37.7333365, 55.8069877], [37.7333365, 55.8069877], [37.7333918, 55.80698629999999], [37.7335133, 55.8069493], [37.7335133, 55.8069493], [37.7333918, 55.80698629999999], [37.7333365, 55.8069877], [37.7335133, 55.8069493], [37.7335283, 55.80683679999999], [37.7335137, 55.80673589999999], [37.7335244, 55.80666649999999], [37.733519, 55.806558], [37.7335137, 55.80644639999999], [37.7335137, 55.806356], [37.7335351, 55.8062716], [37.7335512, 55.80619920000001], [37.7335566, 55.8061088], [37.7335298, 55.8060304], [37.7335244, 55.805958000000004], [37.733525, 55.8058768], [37.733525, 55.8058768], [37.7335244, 55.805958000000004], [37.7335298, 55.8060304], [37.7335566, 55.8061088], [37.7335512, 55.80619920000001], [37.7335351, 55.8062716], [37.7335137, 55.806356], [37.7335137, 55.80644639999999], [37.733519, 55.806558], [37.7335244, 55.80666649999999], [37.7335137, 55.80673589999999], [37.7335283, 55.80683679999999], [37.7335133, 55.8069493], [37.733525, 55.8058768], [37.7336392, 55.8058447], [37.733866, 55.8057811], [37.733866, 55.8057811], [37.7336392, 55.8058447], [37.733525, 55.8058768], [37.733866, 55.8057811], [37.734456, 55.80558270000001], [37.734672, 55.8055101], [37.734672, 55.8055101], [37.734456, 55.80558270000001], [37.733866, 55.8057811], [37.734672, 55.8055101], [37.7349247, 55.805425099999994], [37.7349247, 55.805425099999994], [37.734672, 55.8055101], [37.7349247, 55.805425099999994], [37.7350046, 55.805398299999986], [37.7350046, 55.805398299999986], [37.7349247, 55.805425099999994], [37.7350046, 55.805398299999986], [37.7351051, 55.805386], [37.735263100000004, 55.8053672], [37.735263100000004, 55.8053672], [37.7351051, 55.805386], [37.7350046, 55.805398299999986], [37.735263100000004, 55.8053672], [37.7353066, 55.805369299999995], [37.735371, 55.80536699999999], [37.735371, 55.80536699999999], [37.7353066, 55.805369299999995], [37.735263100000004, 55.8053672], [37.735371, 55.80536699999999], [37.7355991, 55.8053335], [37.7355991, 55.8053335], [37.735371, 55.80536699999999], [37.7355991, 55.8053335], [37.7362634, 55.8052358], [37.7362634, 55.8052358], [37.7355991, 55.8053335], [37.7362634, 55.8052358], [37.7363605, 55.805397299999996], [37.7364294, 55.8054564], [37.7365854, 55.80548699999999], [37.7367933, 55.80547589999999], [37.7369203, 55.80543699999999], [37.7370232, 55.80539039999999], [37.7370731, 55.8053294], [37.7372066, 55.804709900000006], [37.7372066, 55.804709900000006], [37.7370731, 55.8053294], [37.7370232, 55.80539039999999], [37.7369203, 55.80543699999999], [37.7367933, 55.80547589999999], [37.7365854, 55.80548699999999], [37.7364294, 55.8054564], [37.7363605, 55.805397299999996], [37.7362634, 55.8052358], [37.7373728, 55.804046799999995], [37.7372303, 55.80397920000001], [37.7370872, 55.8039354], [37.7370872, 55.8039354], [37.7372303, 55.80397920000001], [37.7373728, 55.804046799999995], [37.7370872, 55.8039354], [37.7374638, 55.803424099999994], [37.7374638, 55.803424099999994], [37.7370872, 55.8039354], [37.7372066, 55.804709900000006], [37.7373728, 55.804046799999995], [37.7373728, 55.804046799999995], [37.7372066, 55.804709900000006], [37.7374638, 55.803424099999994], [37.7376205, 55.8032625], [37.7376205, 55.8032625], [37.7374638, 55.803424099999994], [37.7376205, 55.8032625], [37.7373546, 55.8030581], [37.7376205, 55.8032625]]}}]}